train,"{'mae': 134964.171875, 'rmse': 135443.34375}","{'mae': 569.2745971679688, 'rmse': 1260.933837890625}"
val,"{'mae': 110382.9296875, 'rmse': 110383.140625}","{'mae': 968.098876953125, 'rmse': 2195.507568359375}"
train,"{'mae': 83492.3203125, 'rmse': 85061.5859375}","{'mae': 1334.224365234375, 'rmse': 2463.69921875}"
val,"{'mae': 66139.078125, 'rmse': 66139.5625}","{'mae': 1184.70458984375, 'rmse': 2305.87158203125}"
train,"{'mae': 43356.55078125, 'rmse': 44610.73046875}","{'mae': 1190.0745849609375, 'rmse': 2172.063720703125}"
val,"{'mae': 32681.515625, 'rmse': 32685.263671875}","{'mae': 916.2722778320312, 'rmse': 1725.43408203125}"
train,"{'mae': 35605.703125, 'rmse': 36204.69140625}","{'mae': 1123.990478515625, 'rmse': 2006.6527099609375}"
val,"{'mae': 39311.3984375, 'rmse': 39320.828125}","{'mae': 1161.2216796875, 'rmse': 2068.0615234375}"
train,"{'mae': 18499.197265625, 'rmse': 21621.07421875}","{'mae': 926.5404052734375, 'rmse': 1681.65673828125}"
val,"{'mae': 10373.77734375, 'rmse': 10377.62109375}","{'mae': 1134.6239013671875, 'rmse': 1657.2015380859375}"
train,"{'mae': 6058.88525390625, 'rmse': 7050.83935546875}","{'mae': 502.5177307128906, 'rmse': 867.7832641601562}"
val,"{'mae': 2992.23046875, 'rmse': 3003.9814453125}","{'mae': 461.0267333984375, 'rmse': 679.2415771484375}"
train,"{'mae': 1408.5404052734375, 'rmse': 1664.740478515625}","{'mae': 229.96420288085938, 'rmse': 394.3404235839844}"
val,"{'mae': 1102.0545654296875, 'rmse': 1107.31201171875}","{'mae': 309.99200439453125, 'rmse': 459.207275390625}"
train,"{'mae': 1176.953857421875, 'rmse': 1433.3182373046875}","{'mae': 205.7689971923828, 'rmse': 352.7828369140625}"
val,"{'mae': 668.7364501953125, 'rmse': 671.8433227539062}","{'mae': 186.05496215820312, 'rmse': 299.3205261230469}"
train,"{'mae': 1637.6282958984375, 'rmse': 2056.470947265625}","{'mae': 230.1919708251953, 'rmse': 401.6130065917969}"
val,"{'mae': 3663.569580078125, 'rmse': 3666.15283203125}","{'mae': 172.5772247314453, 'rmse': 298.7388000488281}"
train,"{'mae': 1611.6568603515625, 'rmse': 1981.5740966796875}","{'mae': 220.08712768554688, 'rmse': 382.02337646484375}"
val,"{'mae': 1892.7852783203125, 'rmse': 1894.6328125}","{'mae': 159.90377807617188, 'rmse': 263.0137634277344}"
train,"{'mae': 483.2618103027344, 'rmse': 600.5260009765625}","{'mae': 110.35204315185547, 'rmse': 190.19906616210938}"
val,"{'mae': 1021.13720703125, 'rmse': 1026.2896728515625}","{'mae': 118.89309692382812, 'rmse': 232.83612060546875}"
train,"{'mae': 398.5443420410156, 'rmse': 497.64642333984375}","{'mae': 95.82463073730469, 'rmse': 164.26507568359375}"
val,"{'mae': 840.5841674804688, 'rmse': 841.7581787109375}","{'mae': 102.69955444335938, 'rmse': 162.37623596191406}"
train,"{'mae': 671.5950927734375, 'rmse': 882.7994995117188}","{'mae': 124.05164337158203, 'rmse': 221.0426788330078}"
val,"{'mae': 220.1217498779297, 'rmse': 289.9957580566406}","{'mae': 127.35192108154297, 'rmse': 215.5312957763672}"
train,"{'mae': 545.4817504882812, 'rmse': 688.3018188476562}","{'mae': 107.53817749023438, 'rmse': 188.67283630371094}"
val,"{'mae': 560.5479125976562, 'rmse': 569.9210205078125}","{'mae': 80.07568359375, 'rmse': 143.59048461914062}"
train,"{'mae': 188.6921844482422, 'rmse': 237.59584045410156}","{'mae': 55.19354248046875, 'rmse': 96.00773620605469}"
val,"{'mae': 145.81051635742188, 'rmse': 150.8051300048828}","{'mae': 44.53899002075195, 'rmse': 73.55184173583984}"
train,"{'mae': 152.5480499267578, 'rmse': 191.26451110839844}","{'mae': 46.99764633178711, 'rmse': 82.04338073730469}"
val,"{'mae': 212.16256713867188, 'rmse': 212.96519470214844}","{'mae': 50.61471939086914, 'rmse': 81.35809326171875}"
train,"{'mae': 213.17877197265625, 'rmse': 278.41864013671875}","{'mae': 55.4865837097168, 'rmse': 98.12400817871094}"
val,"{'mae': 388.8973693847656, 'rmse': 391.7333679199219}","{'mae': 84.9135971069336, 'rmse': 131.2852020263672}"
train,"{'mae': 170.853759765625, 'rmse': 218.22021484375}","{'mae': 43.001060485839844, 'rmse': 76.07706451416016}"
val,"{'mae': 52.21643829345703, 'rmse': 60.70855712890625}","{'mae': 28.197338104248047, 'rmse': 49.53019332885742}"
train,"{'mae': 54.31785583496094, 'rmse': 69.52767944335938}","{'mae': 19.741872787475586, 'rmse': 35.30803680419922}"
val,"{'mae': 52.963871002197266, 'rmse': 64.15843963623047}","{'mae': 22.356042861938477, 'rmse': 45.10357666015625}"
train,"{'mae': 38.469234466552734, 'rmse': 49.99996566772461}","{'mae': 14.067076683044434, 'rmse': 25.83421516418457}"
val,"{'mae': 35.43227767944336, 'rmse': 37.10769271850586}","{'mae': 9.5704927444458, 'rmse': 16.129316329956055}"
train,"{'mae': 16.11727523803711, 'rmse': 21.25115394592285}","{'mae': 7.772055149078369, 'rmse': 14.832096099853516}"
val,"{'mae': 22.201040267944336, 'rmse': 23.365360260009766}","{'mae': 10.142890930175781, 'rmse': 18.593090057373047}"
train,"{'mae': 15.294995307922363, 'rmse': 19.969165802001953}","{'mae': 7.742706298828125, 'rmse': 14.487092018127441}"
val,"{'mae': 34.86000061035156, 'rmse': 35.08696365356445}","{'mae': 6.309304237365723, 'rmse': 12.262840270996094}"
train,"{'mae': 9.502291679382324, 'rmse': 12.506651878356934}","{'mae': 5.397232532501221, 'rmse': 10.754545211791992}"
val,"{'mae': 10.882224082946777, 'rmse': 11.92562484741211}","{'mae': 5.972645282745361, 'rmse': 11.129961967468262}"
train,"{'mae': 8.468119621276855, 'rmse': 11.165252685546875}","{'mae': 5.05240535736084, 'rmse': 10.06414794921875}"
val,"{'mae': 7.538416862487793, 'rmse': 8.14027214050293}","{'mae': 4.3104939460754395, 'rmse': 8.347586631774902}"
train,"{'mae': 5.7465972900390625, 'rmse': 7.539215564727783}","{'mae': 4.0725178718566895, 'rmse': 8.568184852600098}"
val,"{'mae': 6.435939311981201, 'rmse': 9.2258939743042}","{'mae': 4.785007953643799, 'rmse': 9.340890884399414}"
train,"{'mae': 5.839935779571533, 'rmse': 7.809758186340332}","{'mae': 4.080632209777832, 'rmse': 8.528183937072754}"
val,"{'mae': 10.880677223205566, 'rmse': 12.782583236694336}","{'mae': 6.121253967285156, 'rmse': 11.746394157409668}"
train,"{'mae': 4.274984359741211, 'rmse': 5.765330791473389}","{'mae': 3.476112127304077, 'rmse': 7.683497905731201}"
val,"{'mae': 3.5827231407165527, 'rmse': 4.094611167907715}","{'mae': 3.1494390964508057, 'rmse': 7.531200885772705}"
train,"{'mae': 4.233712673187256, 'rmse': 5.679860591888428}","{'mae': 3.389284610748291, 'rmse': 7.543735027313232}"
val,"{'mae': 2.3817126750946045, 'rmse': 2.8048789501190186}","{'mae': 2.8196072578430176, 'rmse': 6.950906753540039}"
train,"{'mae': 3.3011012077331543, 'rmse': 4.4661149978637695}","{'mae': 3.025581121444702, 'rmse': 7.1119704246521}"
val,"{'mae': 1.87887442111969, 'rmse': 2.1961379051208496}","{'mae': 2.713744640350342, 'rmse': 6.804498195648193}"
train,"{'mae': 3.248961925506592, 'rmse': 4.425256252288818}","{'mae': 2.9757633209228516, 'rmse': 7.04939079284668}"
val,"{'mae': 4.672371864318848, 'rmse': 5.807241916656494}","{'mae': 3.6232869625091553, 'rmse': 7.714597225189209}"
train,"{'mae': 3.109269142150879, 'rmse': 4.213341236114502}","{'mae': 2.851381540298462, 'rmse': 6.925842761993408}"
val,"{'mae': 1.4112029075622559, 'rmse': 1.8939085006713867}","{'mae': 2.7369117736816406, 'rmse': 6.814764976501465}"
train,"{'mae': 3.2371833324432373, 'rmse': 4.379642486572266}","{'mae': 2.8602476119995117, 'rmse': 6.9367995262146}"
val,"{'mae': 6.177679538726807, 'rmse': 8.057045936584473}","{'mae': 5.001309871673584, 'rmse': 9.6160249710083}"
train,"{'mae': 2.7976722717285156, 'rmse': 3.8802716732025146}","{'mae': 2.7946155071258545, 'rmse': 6.879478454589844}"
val,"{'mae': 1.939955234527588, 'rmse': 2.664606809616089}","{'mae': 2.7146847248077393, 'rmse': 6.716261386871338}"
train,"{'mae': 2.614405393600464, 'rmse': 3.6264288425445557}","{'mae': 2.7105767726898193, 'rmse': 6.786859035491943}"
val,"{'mae': 1.8342841863632202, 'rmse': 2.8537511825561523}","{'mae': 2.7425966262817383, 'rmse': 6.796004772186279}"
train,"{'mae': 2.28193736076355, 'rmse': 3.262155771255493}","{'mae': 2.6407546997070312, 'rmse': 6.732781410217285}"
val,"{'mae': 1.9769102334976196, 'rmse': 2.8536360263824463}","{'mae': 2.8345913887023926, 'rmse': 6.990447044372559}"
train,"{'mae': 2.4658470153808594, 'rmse': 3.614400625228882}","{'mae': 2.731283187866211, 'rmse': 6.844485282897949}"
val,"{'mae': 3.3669817447662354, 'rmse': 4.228562355041504}","{'mae': 2.5328688621520996, 'rmse': 6.551981449127197}"
train,"{'mae': 2.0345304012298584, 'rmse': 2.989699363708496}","{'mae': 2.540111541748047, 'rmse': 6.634895324707031}"
val,"{'mae': 2.4229819774627686, 'rmse': 3.6407761573791504}","{'mae': 2.6148078441619873, 'rmse': 6.682291507720947}"
train,"{'mae': 2.1195178031921387, 'rmse': 2.9329886436462402}","{'mae': 2.5441949367523193, 'rmse': 6.624050617218018}"
val,"{'mae': 1.5232175588607788, 'rmse': 2.239349365234375}","{'mae': 2.398158311843872, 'rmse': 6.458612442016602}"
train,"{'mae': 2.124666213989258, 'rmse': 2.982611894607544}","{'mae': 2.6110446453094482, 'rmse': 6.687933444976807}"
val,"{'mae': 2.3741626739501953, 'rmse': 2.806797981262207}","{'mae': 2.6926214694976807, 'rmse': 6.821108818054199}"
train,"{'mae': 2.014932155609131, 'rmse': 2.881269931793213}","{'mae': 2.5571446418762207, 'rmse': 6.64798641204834}"
val,"{'mae': 2.019911050796509, 'rmse': 2.97662615776062}","{'mae': 2.4299824237823486, 'rmse': 6.499594211578369}"
train,"{'mae': 1.2211841344833374, 'rmse': 2.018765687942505}","{'mae': 2.442227363586426, 'rmse': 6.59259033203125}"
val,"{'mae': 1.2677963972091675, 'rmse': 2.0640311241149902}","{'mae': 2.5044162273406982, 'rmse': 6.666524410247803}"
train,"{'mae': 1.2276698350906372, 'rmse': 2.049384117126465}","{'mae': 2.431414842605591, 'rmse': 6.601171493530273}"
val,"{'mae': 1.1840940713882446, 'rmse': 2.021869421005249}","{'mae': 2.5020592212677, 'rmse': 6.661562442779541}"
train,"{'mae': 1.1336209774017334, 'rmse': 1.9328023195266724}","{'mae': 2.4326083660125732, 'rmse': 6.610616683959961}"
val,"{'mae': 1.1582794189453125, 'rmse': 1.888383150100708}","{'mae': 2.5069851875305176, 'rmse': 6.674176216125488}"
train,"{'mae': 1.117356538772583, 'rmse': 1.8939100503921509}","{'mae': 2.4351418018341064, 'rmse': 6.608725070953369}"
val,"{'mae': 1.1261495351791382, 'rmse': 1.924163579940796}","{'mae': 2.5101194381713867, 'rmse': 6.680689811706543}"
train,"{'mae': 1.1721187829971313, 'rmse': 1.9890574216842651}","{'mae': 2.4354124069213867, 'rmse': 6.600454807281494}"
val,"{'mae': 1.1461597681045532, 'rmse': 1.9299890995025635}","{'mae': 2.4961838722229004, 'rmse': 6.6590070724487305}"
train,"{'mae': 1.1619200706481934, 'rmse': 1.978229284286499}","{'mae': 2.4342610836029053, 'rmse': 6.6063737869262695}"
val,"{'mae': 1.1269159317016602, 'rmse': 1.9203201532363892}","{'mae': 2.498842239379883, 'rmse': 6.676856517791748}"
train,"{'mae': 1.1632598638534546, 'rmse': 1.9833414554595947}","{'mae': 2.4321441650390625, 'rmse': 6.605105876922607}"
val,"{'mae': 1.1391206979751587, 'rmse': 1.955789566040039}","{'mae': 2.503237724304199, 'rmse': 6.658928871154785}"
train,"{'mae': 1.1638414859771729, 'rmse': 1.9850753545761108}","{'mae': 2.4367058277130127, 'rmse': 6.611164093017578}"
val,"{'mae': 1.1380279064178467, 'rmse': 1.933634638786316}","{'mae': 2.5145602226257324, 'rmse': 6.7008161544799805}"
train,"{'mae': 1.1558678150177002, 'rmse': 1.9748852252960205}","{'mae': 2.4343478679656982, 'rmse': 6.609363555908203}"
val,"{'mae': 1.1365236043930054, 'rmse': 1.9245619773864746}","{'mae': 2.4833199977874756, 'rmse': 6.663708686828613}"
train,"{'mae': 1.1562705039978027, 'rmse': 1.9739140272140503}","{'mae': 2.432901382446289, 'rmse': 6.609668254852295}"
val,"{'mae': 1.1249574422836304, 'rmse': 1.9359190464019775}","{'mae': 2.490699529647827, 'rmse': 6.672957420349121}"
