train,"{'mae': 0.17652003467082977, 'rmse': 0.1769215315580368}","{'mae': 0.5705156922340393, 'rmse': 0.7769252061843872}"
val,"{'mae': 0.19365954399108887, 'rmse': 0.19367824494838715}","{'mae': 0.3975633680820465, 'rmse': 0.5347700119018555}"
train,"{'mae': 0.34828245639801025, 'rmse': 0.3608767092227936}","{'mae': 0.28615376353263855, 'rmse': 0.38736796379089355}"
val,"{'mae': 0.5071001052856445, 'rmse': 0.50710529088974}","{'mae': 0.24026371538639069, 'rmse': 0.32441943883895874}"
train,"{'mae': 0.5676159262657166, 'rmse': 0.5684075951576233}","{'mae': 0.21167691051959991, 'rmse': 0.2872851490974426}"
val,"{'mae': 0.6124210953712463, 'rmse': 0.6124237775802612}","{'mae': 0.1950223594903946, 'rmse': 0.265561044216156}"
train,"{'mae': 0.6568372249603271, 'rmse': 0.6573807597160339}","{'mae': 0.1763075888156891, 'rmse': 0.23996274173259735}"
val,"{'mae': 0.7049388885498047, 'rmse': 0.7049429416656494}","{'mae': 0.1681324541568756, 'rmse': 0.2277759462594986}"
train,"{'mae': 0.7916336059570312, 'rmse': 0.7935832142829895}","{'mae': 0.13099557161331177, 'rmse': 0.17750702798366547}"
val,"{'mae': 0.8584166765213013, 'rmse': 0.8584173917770386}","{'mae': 0.09796685725450516, 'rmse': 0.12965475022792816}"
train,"{'mae': 0.8759463429450989, 'rmse': 0.8759899139404297}","{'mae': 0.0758240595459938, 'rmse': 0.09990858286619186}"
val,"{'mae': 0.8990324139595032, 'rmse': 0.8990329504013062}","{'mae': 0.06476915627717972, 'rmse': 0.08562085777521133}"
train,"{'mae': 0.9247137308120728, 'rmse': 0.9248265027999878}","{'mae': 0.056079886853694916, 'rmse': 0.0736282467842102}"
val,"{'mae': 0.9525400996208191, 'rmse': 0.9525405764579773}","{'mae': 0.052865587174892426, 'rmse': 0.07013330608606339}"
train,"{'mae': 0.9806432723999023, 'rmse': 0.9807937741279602}","{'mae': 0.04671963304281235, 'rmse': 0.06131274253129959}"
val,"{'mae': 1.0083059072494507, 'rmse': 1.0083062648773193}","{'mae': 0.04868530482053757, 'rmse': 0.06417576968669891}"
train,"{'mae': 0.9921079874038696, 'rmse': 0.9921414256095886}","{'mae': 0.0630449578166008, 'rmse': 0.08444391936063766}"
val,"{'mae': 0.9902206063270569, 'rmse': 0.9902209043502808}","{'mae': 0.04983013495802879, 'rmse': 0.06578195095062256}"
train,"{'mae': 1.0016690492630005, 'rmse': 1.0016952753067017}","{'mae': 0.043315064162015915, 'rmse': 0.056794263422489166}"
val,"{'mae': 1.0165272951126099, 'rmse': 1.016527533531189}","{'mae': 0.04417971894145012, 'rmse': 0.058697570115327835}"
train,"{'mae': 1.02960205078125, 'rmse': 1.0296285152435303}","{'mae': 0.03990180790424347, 'rmse': 0.05230293422937393}"
val,"{'mae': 1.0421475172042847, 'rmse': 1.0421477556228638}","{'mae': 0.041625943034887314, 'rmse': 0.05491337552666664}"
train,"{'mae': 1.053011178970337, 'rmse': 1.0530327558517456}","{'mae': 0.03701817989349365, 'rmse': 0.048450492322444916}"
val,"{'mae': 1.064820647239685, 'rmse': 1.0648208856582642}","{'mae': 0.038529664278030396, 'rmse': 0.050880562514066696}"
train,"{'mae': 1.0488849878311157, 'rmse': 1.048915147781372}","{'mae': 0.05153563618659973, 'rmse': 0.06810396909713745}"
val,"{'mae': 1.0438777208328247, 'rmse': 1.0438778400421143}","{'mae': 0.041934553533792496, 'rmse': 0.054701417684555054}"
train,"{'mae': 1.0543826818466187, 'rmse': 1.0544109344482422}","{'mae': 0.03526521101593971, 'rmse': 0.046104177832603455}"
val,"{'mae': 1.0688765048980713, 'rmse': 1.0688766241073608}","{'mae': 0.0360354520380497, 'rmse': 0.04765619710087776}"
train,"{'mae': 1.0792986154556274, 'rmse': 1.0793166160583496}","{'mae': 0.03167055547237396, 'rmse': 0.04146276414394379}"
val,"{'mae': 1.0907213687896729, 'rmse': 1.0907214879989624}","{'mae': 0.03320927917957306, 'rmse': 0.04388604313135147}"
train,"{'mae': 1.1001020669937134, 'rmse': 1.1001170873641968}","{'mae': 0.02932787500321865, 'rmse': 0.038371212780475616}"
val,"{'mae': 1.1088398694992065, 'rmse': 1.1088398694992065}","{'mae': 0.031504880636930466, 'rmse': 0.041314367204904556}"
train,"{'mae': 1.0985044240951538, 'rmse': 1.0985385179519653}","{'mae': 0.05339980497956276, 'rmse': 0.07261551171541214}"
val,"{'mae': 1.085845947265625, 'rmse': 1.085845947265625}","{'mae': 0.035559508949518204, 'rmse': 0.04692429304122925}"
train,"{'mae': 1.0877267122268677, 'rmse': 1.0877337455749512}","{'mae': 0.030079130083322525, 'rmse': 0.03947364538908005}"
val,"{'mae': 1.0956056118011475, 'rmse': 1.0956058502197266}","{'mae': 0.030625779181718826, 'rmse': 0.040508780628442764}"
train,"{'mae': 1.104276418685913, 'rmse': 1.1042877435684204}","{'mae': 0.026688868179917336, 'rmse': 0.03495216742157936}"
val,"{'mae': 1.1138060092926025, 'rmse': 1.113806128501892}","{'mae': 0.028879288583993912, 'rmse': 0.03815646097064018}"
train,"{'mae': 1.1218006610870361, 'rmse': 1.1218101978302002}","{'mae': 0.025952259078621864, 'rmse': 0.033866629004478455}"
val,"{'mae': 1.1303107738494873, 'rmse': 1.1303108930587769}","{'mae': 0.027251839637756348, 'rmse': 0.035902246832847595}"
train,"{'mae': 1.1232479810714722, 'rmse': 1.1232905387878418}","{'mae': 0.05349983274936676, 'rmse': 0.07217136025428772}"
val,"{'mae': 1.1092967987060547, 'rmse': 1.1092970371246338}","{'mae': 0.034724775701761246, 'rmse': 0.04633219912648201}"
train,"{'mae': 1.1000360250473022, 'rmse': 1.1000422239303589}","{'mae': 0.02841070108115673, 'rmse': 0.037250716239213943}"
val,"{'mae': 1.1072341203689575, 'rmse': 1.1072341203689575}","{'mae': 0.02744651958346367, 'rmse': 0.03634776547551155}"
train,"{'mae': 1.1133735179901123, 'rmse': 1.113381266593933}","{'mae': 0.023762062191963196, 'rmse': 0.031095780432224274}"
val,"{'mae': 1.1239436864852905, 'rmse': 1.1239436864852905}","{'mae': 0.025270411744713783, 'rmse': 0.03336792439222336}"
train,"{'mae': 1.1290720701217651, 'rmse': 1.1290805339813232}","{'mae': 0.02158893644809723, 'rmse': 0.028238730505108833}"
val,"{'mae': 1.1359490156173706, 'rmse': 1.1359491348266602}","{'mae': 0.022882213816046715, 'rmse': 0.030313672497868538}"
train,"{'mae': 1.1250282526016235, 'rmse': 1.1250518560409546}","{'mae': 0.03534582629799843, 'rmse': 0.04697764292359352}"
val,"{'mae': 1.1139360666275024, 'rmse': 1.113936185836792}","{'mae': 0.02485227957367897, 'rmse': 0.03298991918563843}"
train,"{'mae': 1.108075499534607, 'rmse': 1.1080801486968994}","{'mae': 0.021112576127052307, 'rmse': 0.02769194357097149}"
val,"{'mae': 1.1051757335662842, 'rmse': 1.1051758527755737}","{'mae': 0.020778900012373924, 'rmse': 0.02754933573305607}"
train,"{'mae': 1.109091877937317, 'rmse': 1.109094262123108}","{'mae': 0.01767950877547264, 'rmse': 0.023180799558758736}"
val,"{'mae': 1.1102848052978516, 'rmse': 1.1102848052978516}","{'mae': 0.01874455250799656, 'rmse': 0.025243358686566353}"
train,"{'mae': 1.1082903146743774, 'rmse': 1.1082926988601685}","{'mae': 0.01606067828834057, 'rmse': 0.021085016429424286}"
val,"{'mae': 1.1071243286132812, 'rmse': 1.1071243286132812}","{'mae': 0.017804713919758797, 'rmse': 0.02386738546192646}"
train,"{'mae': 1.1094958782196045, 'rmse': 1.1095236539840698}","{'mae': 0.04381916671991348, 'rmse': 0.05980324745178223}"
val,"{'mae': 1.0983916521072388, 'rmse': 1.0983917713165283}","{'mae': 0.0246414951980114, 'rmse': 0.03258029371500015}"
train,"{'mae': 1.0913751125335693, 'rmse': 1.0913840532302856}","{'mae': 0.01882523111999035, 'rmse': 0.02497115544974804}"
val,"{'mae': 1.0875213146209717, 'rmse': 1.0875214338302612}","{'mae': 0.017269406467676163, 'rmse': 0.023310385644435883}"
train,"{'mae': 1.0949862003326416, 'rmse': 1.0949887037277222}","{'mae': 0.01488775946199894, 'rmse': 0.019585780799388885}"
val,"{'mae': 1.095747470855713, 'rmse': 1.0957473516464233}","{'mae': 0.016262894496321678, 'rmse': 0.02194789983332157}"
train,"{'mae': 1.0979558229446411, 'rmse': 1.0979564189910889}","{'mae': 0.013906167820096016, 'rmse': 0.018315857276320457}"
val,"{'mae': 1.0977648496627808, 'rmse': 1.0977648496627808}","{'mae': 0.015493919141590595, 'rmse': 0.02087309956550598}"
train,"{'mae': 1.1021379232406616, 'rmse': 1.1021841764450073}","{'mae': 0.03975842148065567, 'rmse': 0.05495758727192879}"
val,"{'mae': 1.0906262397766113, 'rmse': 1.0906261205673218}","{'mae': 0.022926978766918182, 'rmse': 0.02996114082634449}"
train,"{'mae': 1.0867631435394287, 'rmse': 1.0867691040039062}","{'mae': 0.016706343740224838, 'rmse': 0.02205953747034073}"
val,"{'mae': 1.0852162837982178, 'rmse': 1.0852164030075073}","{'mae': 0.01585015095770359, 'rmse': 0.021301791071891785}"
train,"{'mae': 1.091267466545105, 'rmse': 1.0912697315216064}","{'mae': 0.013278765603899956, 'rmse': 0.0174965038895607}"
val,"{'mae': 1.0948253870010376, 'rmse': 1.0948253870010376}","{'mae': 0.01469330582767725, 'rmse': 0.0198536217212677}"
train,"{'mae': 1.0935025215148926, 'rmse': 1.0935029983520508}","{'mae': 0.012693796306848526, 'rmse': 0.016730327159166336}"
val,"{'mae': 1.0927200317382812, 'rmse': 1.0927201509475708}","{'mae': 0.014518819749355316, 'rmse': 0.01959618367254734}"
train,"{'mae': 1.1000736951828003, 'rmse': 1.1001091003417969}","{'mae': 0.03732982650399208, 'rmse': 0.051524579524993896}"
val,"{'mae': 1.0850086212158203, 'rmse': 1.0850086212158203}","{'mae': 0.021258041262626648, 'rmse': 0.02816753089427948}"
train,"{'mae': 1.0876421928405762, 'rmse': 1.0876470804214478}","{'mae': 0.015525540336966515, 'rmse': 0.020551346242427826}"
val,"{'mae': 1.0867797136306763, 'rmse': 1.0867797136306763}","{'mae': 0.015097030438482761, 'rmse': 0.020470095798373222}"
train,"{'mae': 1.0898499488830566, 'rmse': 1.0898507833480835}","{'mae': 0.012189201079308987, 'rmse': 0.01609492115676403}"
val,"{'mae': 1.0896106958389282, 'rmse': 1.0896105766296387}","{'mae': 0.01350893173366785, 'rmse': 0.01838443987071514}"
train,"{'mae': 1.0902271270751953, 'rmse': 1.0902276039123535}","{'mae': 0.01155785284936428, 'rmse': 0.01524804811924696}"
val,"{'mae': 1.0893276929855347, 'rmse': 1.0893275737762451}","{'mae': 0.013025595806539059, 'rmse': 0.017711682245135307}"
train,"{'mae': 1.0941728353500366, 'rmse': 1.0942060947418213}","{'mae': 0.0370187871158123, 'rmse': 0.05055905506014824}"
val,"{'mae': 1.0867927074432373, 'rmse': 1.0867927074432373}","{'mae': 0.019385386258363724, 'rmse': 0.025775926187634468}"
train,"{'mae': 1.0817958116531372, 'rmse': 1.081801176071167}","{'mae': 0.014745453372597694, 'rmse': 0.019609499722719193}"
val,"{'mae': 1.0805118083953857, 'rmse': 1.0805119276046753}","{'mae': 0.013700931333005428, 'rmse': 0.018642175942659378}"
train,"{'mae': 1.0841774940490723, 'rmse': 1.0841785669326782}","{'mae': 0.011447102762758732, 'rmse': 0.015117398463189602}"
val,"{'mae': 1.0854816436767578, 'rmse': 1.0854815244674683}","{'mae': 0.012689322233200073, 'rmse': 0.017360007390379906}"
train,"{'mae': 1.084921956062317, 'rmse': 1.084922432899475}","{'mae': 0.010695978999137878, 'rmse': 0.014123322442173958}"
val,"{'mae': 1.0844773054122925, 'rmse': 1.0844773054122925}","{'mae': 0.012144098989665508, 'rmse': 0.016736796125769615}"
train,"{'mae': 1.089364767074585, 'rmse': 1.0893994569778442}","{'mae': 0.03451062738895416, 'rmse': 0.047288306057453156}"
val,"{'mae': 1.0860294103622437, 'rmse': 1.0860294103622437}","{'mae': 0.021070780232548714, 'rmse': 0.027695072814822197}"
train,"{'mae': 1.0818049907684326, 'rmse': 1.0818086862564087}","{'mae': 0.013564717024564743, 'rmse': 0.0180215947329998}"
val,"{'mae': 1.083748698234558, 'rmse': 1.0837488174438477}","{'mae': 0.012964489869773388, 'rmse': 0.017691301181912422}"
train,"{'mae': 1.0832958221435547, 'rmse': 1.0832964181900024}","{'mae': 0.010747860185801983, 'rmse': 0.014194540679454803}"
val,"{'mae': 1.0827170610427856, 'rmse': 1.0827170610427856}","{'mae': 0.012019485235214233, 'rmse': 0.01660025306046009}"
train,"{'mae': 1.0824487209320068, 'rmse': 1.0824488401412964}","{'mae': 0.0101200882345438, 'rmse': 0.013342618942260742}"
val,"{'mae': 1.0811342000961304, 'rmse': 1.0811342000961304}","{'mae': 0.011688916943967342, 'rmse': 0.01606365293264389}"
train,"{'mae': 1.0857670307159424, 'rmse': 1.085807204246521}","{'mae': 0.03326486796140671, 'rmse': 0.04549146816134453}"
val,"{'mae': 1.0892728567123413, 'rmse': 1.0892728567123413}","{'mae': 0.016121400520205498, 'rmse': 0.02138528786599636}"
train,"{'mae': 1.0768764019012451, 'rmse': 1.0768805742263794}","{'mae': 0.013273152522742748, 'rmse': 0.017633844166994095}"
val,"{'mae': 1.0781655311584473, 'rmse': 1.0781654119491577}","{'mae': 0.012357914820313454, 'rmse': 0.016914375126361847}"
train,"{'mae': 1.0782489776611328, 'rmse': 1.0782496929168701}","{'mae': 0.01030662003904581, 'rmse': 0.013577804900705814}"
val,"{'mae': 1.077317237854004, 'rmse': 1.0773173570632935}","{'mae': 0.011480817571282387, 'rmse': 0.015752067789435387}"
train,"{'mae': 1.0773365497589111, 'rmse': 1.0773366689682007}","{'mae': 0.009613687172532082, 'rmse': 0.01267268043011427}"
val,"{'mae': 1.078159213066101, 'rmse': 1.078159213066101}","{'mae': 0.010943684726953506, 'rmse': 0.01513215433806181}"
train,"{'mae': 1.0797185897827148, 'rmse': 1.079745888710022}","{'mae': 0.029823169112205505, 'rmse': 0.04132653772830963}"
val,"{'mae': 1.0690175294876099, 'rmse': 1.0690176486968994}","{'mae': 0.020624635741114616, 'rmse': 0.02640911191701889}"
train,"{'mae': 1.0711498260498047, 'rmse': 1.0711528062820435}","{'mae': 0.011861111968755722, 'rmse': 0.015727736055850983}"
val,"{'mae': 1.0719343423843384, 'rmse': 1.0719343423843384}","{'mae': 0.011468940414488316, 'rmse': 0.015714379027485847}"
train,"{'mae': 1.0717090368270874, 'rmse': 1.0717096328735352}","{'mae': 0.009434285573661327, 'rmse': 0.012431534007191658}"
val,"{'mae': 1.0711206197738647, 'rmse': 1.0711206197738647}","{'mae': 0.010832020081579685, 'rmse': 0.015040517784655094}"
train,"{'mae': 1.070421814918518, 'rmse': 1.0704225301742554}","{'mae': 0.009186751209199429, 'rmse': 0.012081787921488285}"
val,"{'mae': 1.0698658227920532, 'rmse': 1.0698658227920532}","{'mae': 0.01055182795971632, 'rmse': 0.014569317921996117}"
train,"{'mae': 1.0725213289260864, 'rmse': 1.0725382566452026}","{'mae': 0.028706179931759834, 'rmse': 0.039573218673467636}"
val,"{'mae': 1.0640220642089844, 'rmse': 1.064022183418274}","{'mae': 0.020166190341114998, 'rmse': 0.02568085305392742}"
train,"{'mae': 1.0641331672668457, 'rmse': 1.0641366243362427}","{'mae': 0.012107232585549355, 'rmse': 0.016012392938137054}"
val,"{'mae': 1.0643965005874634, 'rmse': 1.0643965005874634}","{'mae': 0.01135065034031868, 'rmse': 0.015502179972827435}"
train,"{'mae': 1.0645949840545654, 'rmse': 1.064595341682434}","{'mae': 0.008994591422379017, 'rmse': 0.011844204738736153}"
val,"{'mae': 1.0647778511047363, 'rmse': 1.0647778511047363}","{'mae': 0.010296897031366825, 'rmse': 0.014255805872380733}"
train,"{'mae': 1.0648341178894043, 'rmse': 1.0648343563079834}","{'mae': 0.008671130053699017, 'rmse': 0.01139924954622984}"
val,"{'mae': 1.066100001335144, 'rmse': 1.0661001205444336}","{'mae': 0.010219186544418335, 'rmse': 0.014284536242485046}"
train,"{'mae': 1.066792607307434, 'rmse': 1.0668050050735474}","{'mae': 0.022093599662184715, 'rmse': 0.030551372095942497}"
val,"{'mae': 1.0601694583892822, 'rmse': 1.0601694583892822}","{'mae': 0.015366092324256897, 'rmse': 0.020351704210042953}"
train,"{'mae': 1.0636000633239746, 'rmse': 1.0636016130447388}","{'mae': 0.01008201576769352, 'rmse': 0.013315362855792046}"
val,"{'mae': 1.0644088983535767, 'rmse': 1.0644088983535767}","{'mae': 0.010396657511591911, 'rmse': 0.014442059211432934}"
train,"{'mae': 1.063211441040039, 'rmse': 1.0632119178771973}","{'mae': 0.008506166748702526, 'rmse': 0.011192474514245987}"
val,"{'mae': 1.0618733167648315, 'rmse': 1.061873197555542}","{'mae': 0.00995479617267847, 'rmse': 0.013792145997285843}"
train,"{'mae': 1.0624384880065918, 'rmse': 1.0624388456344604}","{'mae': 0.008441420271992683, 'rmse': 0.011081201955676079}"
val,"{'mae': 1.0646862983703613, 'rmse': 1.0646862983703613}","{'mae': 0.009435665793716908, 'rmse': 0.0130676394328475}"
train,"{'mae': 1.0624996423721313, 'rmse': 1.0625096559524536}","{'mae': 0.018540823832154274, 'rmse': 0.02524620294570923}"
val,"{'mae': 1.058680534362793, 'rmse': 1.058680534362793}","{'mae': 0.010985223576426506, 'rmse': 0.01510247215628624}"
train,"{'mae': 1.0624281167984009, 'rmse': 1.0624290704727173}","{'mae': 0.009220434352755547, 'rmse': 0.012148510664701462}"
val,"{'mae': 1.0621498823165894, 'rmse': 1.062150001525879}","{'mae': 0.009503016248345375, 'rmse': 0.013179809786379337}"
train,"{'mae': 1.0614739656448364, 'rmse': 1.061474323272705}","{'mae': 0.007966093719005585, 'rmse': 0.010450681671500206}"
val,"{'mae': 1.0606917142868042, 'rmse': 1.0606917142868042}","{'mae': 0.009483958594501019, 'rmse': 0.013232833705842495}"
train,"{'mae': 1.0618113279342651, 'rmse': 1.0618122816085815}","{'mae': 0.0076367417350411415, 'rmse': 0.010017144493758678}"
val,"{'mae': 1.0611141920089722, 'rmse': 1.0611141920089722}","{'mae': 0.009191413410007954, 'rmse': 0.012837572023272514}"
train,"{'mae': 1.0674998760223389, 'rmse': 1.0675277709960938}","{'mae': 0.027352407574653625, 'rmse': 0.03746560961008072}"
val,"{'mae': 1.0518158674240112, 'rmse': 1.0518158674240112}","{'mae': 0.01309122797101736, 'rmse': 0.017721425741910934}"
train,"{'mae': 1.0593088865280151, 'rmse': 1.0593140125274658}","{'mae': 0.010105753317475319, 'rmse': 0.013438709080219269}"
val,"{'mae': 1.0608844757080078, 'rmse': 1.0608845949172974}","{'mae': 0.009682925418019295, 'rmse': 0.013358763419091702}"
train,"{'mae': 1.0596847534179688, 'rmse': 1.0596853494644165}","{'mae': 0.007664093282073736, 'rmse': 0.010064922273159027}"
val,"{'mae': 1.0580906867980957, 'rmse': 1.0580908060073853}","{'mae': 0.008856656029820442, 'rmse': 0.012369117699563503}"
train,"{'mae': 1.0592492818832397, 'rmse': 1.0592496395111084}","{'mae': 0.007405048236250877, 'rmse': 0.009704245254397392}"
val,"{'mae': 1.0600839853286743, 'rmse': 1.0600839853286743}","{'mae': 0.009106641635298729, 'rmse': 0.012587071396410465}"
train,"{'mae': 1.0622161626815796, 'rmse': 1.0622308254241943}","{'mae': 0.027213573455810547, 'rmse': 0.037558380514383316}"
val,"{'mae': 1.0541483163833618, 'rmse': 1.0541483163833618}","{'mae': 0.01346527598798275, 'rmse': 0.018027212470769882}"
train,"{'mae': 1.0552928447723389, 'rmse': 1.0552951097488403}","{'mae': 0.010362300090491772, 'rmse': 0.013784249313175678}"
val,"{'mae': 1.0550601482391357, 'rmse': 1.0550601482391357}","{'mae': 0.009569412097334862, 'rmse': 0.013157906010746956}"
train,"{'mae': 1.0558704137802124, 'rmse': 1.0558706521987915}","{'mae': 0.007522739004343748, 'rmse': 0.009885239414870739}"
val,"{'mae': 1.0564765930175781, 'rmse': 1.0564765930175781}","{'mae': 0.00875888392329216, 'rmse': 0.012179930694401264}"
train,"{'mae': 1.0553869009017944, 'rmse': 1.055387020111084}","{'mae': 0.007150717079639435, 'rmse': 0.009379271417856216}"
val,"{'mae': 1.054227590560913, 'rmse': 1.0542277097702026}","{'mae': 0.008557625114917755, 'rmse': 0.011898316442966461}"
train,"{'mae': 1.0575802326202393, 'rmse': 1.0576013326644897}","{'mae': 0.026832791045308113, 'rmse': 0.03669809177517891}"
val,"{'mae': 1.0526145696640015, 'rmse': 1.0526145696640015}","{'mae': 0.012101195752620697, 'rmse': 0.01667294092476368}"
train,"{'mae': 1.0508897304534912, 'rmse': 1.0508915185928345}","{'mae': 0.010294077917933464, 'rmse': 0.013618037104606628}"
val,"{'mae': 1.0516537427902222, 'rmse': 1.0516537427902222}","{'mae': 0.00949342641979456, 'rmse': 0.013143553398549557}"
train,"{'mae': 1.0512303113937378, 'rmse': 1.051230549812317}","{'mae': 0.00760055473074317, 'rmse': 0.009961405768990517}"
val,"{'mae': 1.0519415140151978, 'rmse': 1.0519413948059082}","{'mae': 0.008529959246516228, 'rmse': 0.011834141798317432}"
train,"{'mae': 1.0513068437576294, 'rmse': 1.051307201385498}","{'mae': 0.007058385759592056, 'rmse': 0.009243047796189785}"
val,"{'mae': 1.052103042602539, 'rmse': 1.052103042602539}","{'mae': 0.008381379768252373, 'rmse': 0.011634092777967453}"
train,"{'mae': 1.049275517463684, 'rmse': 1.0492911338806152}","{'mae': 0.023741895332932472, 'rmse': 0.03314080834388733}"
val,"{'mae': 1.0442005395889282, 'rmse': 1.0442004203796387}","{'mae': 0.013925367966294289, 'rmse': 0.018250970169901848}"
train,"{'mae': 1.0439866781234741, 'rmse': 1.0439887046813965}","{'mae': 0.009159102104604244, 'rmse': 0.012133750133216381}"
val,"{'mae': 1.0445142984390259, 'rmse': 1.0445141792297363}","{'mae': 0.00880120974034071, 'rmse': 0.012192643247544765}"
train,"{'mae': 1.0462925434112549, 'rmse': 1.046292781829834}","{'mae': 0.006968853063881397, 'rmse': 0.009146024473011494}"
val,"{'mae': 1.0458217859268188, 'rmse': 1.0458217859268188}","{'mae': 0.008486120030283928, 'rmse': 0.01180415041744709}"
train,"{'mae': 1.0466837882995605, 'rmse': 1.04668390750885}","{'mae': 0.006790160667151213, 'rmse': 0.0088871531188488}"
val,"{'mae': 1.0475237369537354, 'rmse': 1.0475237369537354}","{'mae': 0.008377932012081146, 'rmse': 0.011558398604393005}"
train,"{'mae': 1.0471187829971313, 'rmse': 1.0471371412277222}","{'mae': 0.025157107040286064, 'rmse': 0.03466683253645897}"
val,"{'mae': 1.042730689048767, 'rmse': 1.0427305698394775}","{'mae': 0.011366136372089386, 'rmse': 0.015312917530536652}"
train,"{'mae': 1.0409934520721436, 'rmse': 1.0409971475601196}","{'mae': 0.009229298681020737, 'rmse': 0.012253353372216225}"
val,"{'mae': 1.0409512519836426, 'rmse': 1.040951132774353}","{'mae': 0.008793908171355724, 'rmse': 0.012212280184030533}"
train,"{'mae': 1.0424965620040894, 'rmse': 1.042496919631958}","{'mae': 0.0069042076356709, 'rmse': 0.00905173271894455}"
val,"{'mae': 1.0422048568725586, 'rmse': 1.0422048568725586}","{'mae': 0.008199883624911308, 'rmse': 0.011463572271168232}"
train,"{'mae': 1.042729377746582, 'rmse': 1.0427294969558716}","{'mae': 0.00663940142840147, 'rmse': 0.008687511086463928}"
val,"{'mae': 1.042936086654663, 'rmse': 1.042936086654663}","{'mae': 0.007888566702604294, 'rmse': 0.011029213666915894}"
train,"{'mae': 1.042124629020691, 'rmse': 1.0421444177627563}","{'mae': 0.02290426753461361, 'rmse': 0.031638287007808685}"
val,"{'mae': 1.0343419313430786, 'rmse': 1.0343419313430786}","{'mae': 0.012388528324663639, 'rmse': 0.016588915139436722}"
train,"{'mae': 1.0385100841522217, 'rmse': 1.0385130643844604}","{'mae': 0.009155811741948128, 'rmse': 0.012099593877792358}"
val,"{'mae': 1.0404459238052368, 'rmse': 1.0404460430145264}","{'mae': 0.008898979984223843, 'rmse': 0.01219148002564907}"
train,"{'mae': 1.0391125679016113, 'rmse': 1.0391128063201904}","{'mae': 0.006675894372165203, 'rmse': 0.008750136941671371}"
val,"{'mae': 1.0387376546859741, 'rmse': 1.0387376546859741}","{'mae': 0.007905413396656513, 'rmse': 0.011040344834327698}"
train,"{'mae': 1.0392578840255737, 'rmse': 1.0392581224441528}","{'mae': 0.006488656159490347, 'rmse': 0.008489283733069897}"
val,"{'mae': 1.0391236543655396, 'rmse': 1.03912353515625}","{'mae': 0.007912686094641685, 'rmse': 0.010987508110702038}"
train,"{'mae': 1.0389831066131592, 'rmse': 1.039001226425171}","{'mae': 0.02271292544901371, 'rmse': 0.031645726412534714}"
val,"{'mae': 1.031434178352356, 'rmse': 1.0314342975616455}","{'mae': 0.014819182455539703, 'rmse': 0.018834013491868973}"
train,"{'mae': 1.0357269048690796, 'rmse': 1.0357286930084229}","{'mae': 0.00846921093761921, 'rmse': 0.01118781790137291}"
val,"{'mae': 1.0367294549942017, 'rmse': 1.0367294549942017}","{'mae': 0.008186394348740578, 'rmse': 0.01140876766294241}"
train,"{'mae': 1.036568284034729, 'rmse': 1.0365687608718872}","{'mae': 0.0065132807940244675, 'rmse': 0.008523384109139442}"
val,"{'mae': 1.0360002517700195, 'rmse': 1.0360002517700195}","{'mae': 0.008017703890800476, 'rmse': 0.011156379245221615}"
train,"{'mae': 1.0362458229064941, 'rmse': 1.0362461805343628}","{'mae': 0.006313052028417587, 'rmse': 0.00825871154665947}"
val,"{'mae': 1.0365233421325684, 'rmse': 1.0365233421325684}","{'mae': 0.007688285782933235, 'rmse': 0.010723876766860485}"
train,"{'mae': 1.034211277961731, 'rmse': 1.0342293977737427}","{'mae': 0.014588803984224796, 'rmse': 0.01984303630888462}"
val,"{'mae': 1.039194941520691, 'rmse': 1.039194941520691}","{'mae': 0.012080930173397064, 'rmse': 0.015626706182956696}"
train,"{'mae': 1.0349910259246826, 'rmse': 1.034993290901184}","{'mae': 0.007562561426311731, 'rmse': 0.009915430098772049}"
val,"{'mae': 1.0343490839004517, 'rmse': 1.0343490839004517}","{'mae': 0.007851950824260712, 'rmse': 0.010880366899073124}"
train,"{'mae': 1.0353684425354004, 'rmse': 1.0353686809539795}","{'mae': 0.00613540131598711, 'rmse': 0.008020068518817425}"
val,"{'mae': 1.0358422994613647, 'rmse': 1.0358422994613647}","{'mae': 0.007565266452729702, 'rmse': 0.010542485862970352}"
train,"{'mae': 1.0359183549880981, 'rmse': 1.0359188318252563}","{'mae': 0.006034995894879103, 'rmse': 0.00787698570638895}"
val,"{'mae': 1.0359352827072144, 'rmse': 1.0359352827072144}","{'mae': 0.007356834132224321, 'rmse': 0.010274588130414486}"
train,"{'mae': 1.0350576639175415, 'rmse': 1.03506338596344}","{'mae': 0.01290885265916586, 'rmse': 0.017713729292154312}"
val,"{'mae': 1.0323561429977417, 'rmse': 1.0323561429977417}","{'mae': 0.009492490440607071, 'rmse': 0.01288450788706541}"
train,"{'mae': 1.0342787504196167, 'rmse': 1.0342793464660645}","{'mae': 0.006901960354298353, 'rmse': 0.009015028364956379}"
val,"{'mae': 1.0335670709609985, 'rmse': 1.033566951751709}","{'mae': 0.007561670616269112, 'rmse': 0.010466581210494041}"
train,"{'mae': 1.0337722301483154, 'rmse': 1.0337724685668945}","{'mae': 0.006071500014513731, 'rmse': 0.007921689189970493}"
val,"{'mae': 1.0329824686050415, 'rmse': 1.032982587814331}","{'mae': 0.007150060497224331, 'rmse': 0.010024328716099262}"
train,"{'mae': 1.0336556434631348, 'rmse': 1.0336560010910034}","{'mae': 0.005735164042562246, 'rmse': 0.007473652716726065}"
val,"{'mae': 1.0338283777236938, 'rmse': 1.0338284969329834}","{'mae': 0.0073766023851931095, 'rmse': 0.010215811431407928}"
train,"{'mae': 1.03230619430542, 'rmse': 1.0323182344436646}","{'mae': 0.023254211992025375, 'rmse': 0.03173047676682472}"
val,"{'mae': 1.0269829034805298, 'rmse': 1.0269827842712402}","{'mae': 0.014322278089821339, 'rmse': 0.01845926232635975}"
train,"{'mae': 1.0273349285125732, 'rmse': 1.0273364782333374}","{'mae': 0.008721890859305859, 'rmse': 0.011670856736600399}"
val,"{'mae': 1.0284788608551025, 'rmse': 1.028478980064392}","{'mae': 0.007543476764112711, 'rmse': 0.010501951910555363}"
train,"{'mae': 1.0285030603408813, 'rmse': 1.028503179550171}","{'mae': 0.0060239797458052635, 'rmse': 0.007861622609198093}"
val,"{'mae': 1.027455449104309, 'rmse': 1.027455449104309}","{'mae': 0.007090162020176649, 'rmse': 0.009962232783436775}"
train,"{'mae': 1.027729868888855, 'rmse': 1.027730107307434}","{'mae': 0.005595655646175146, 'rmse': 0.007298124488443136}"
val,"{'mae': 1.0280840396881104, 'rmse': 1.0280840396881104}","{'mae': 0.0069778780452907085, 'rmse': 0.009751912206411362}"
train,"{'mae': 1.0302482843399048, 'rmse': 1.0302517414093018}","{'mae': 0.012909680604934692, 'rmse': 0.01778460294008255}"
val,"{'mae': 1.0284621715545654, 'rmse': 1.028462290763855}","{'mae': 0.008003845810890198, 'rmse': 0.011081069707870483}"
train,"{'mae': 1.029555320739746, 'rmse': 1.0295560359954834}","{'mae': 0.006298814434558153, 'rmse': 0.008254342712461948}"
val,"{'mae': 1.0292859077453613, 'rmse': 1.0292859077453613}","{'mae': 0.007273049093782902, 'rmse': 0.010084022767841816}"
train,"{'mae': 1.0295374393463135, 'rmse': 1.0295380353927612}","{'mae': 0.005621497519314289, 'rmse': 0.007328425068408251}"
val,"{'mae': 1.0288037061691284, 'rmse': 1.0288037061691284}","{'mae': 0.006851915270090103, 'rmse': 0.009614245034754276}"
train,"{'mae': 1.0298163890838623, 'rmse': 1.029816746711731}","{'mae': 0.005388827528804541, 'rmse': 0.007027708925306797}"
val,"{'mae': 1.0298397541046143, 'rmse': 1.0298397541046143}","{'mae': 0.006984376348555088, 'rmse': 0.009749935939908028}"
train,"{'mae': 1.027338981628418, 'rmse': 1.027354121208191}","{'mae': 0.0210032407194376, 'rmse': 0.028851034119725227}"
val,"{'mae': 1.0167241096496582, 'rmse': 1.0167239904403687}","{'mae': 0.013112256303429604, 'rmse': 0.017089173197746277}"
train,"{'mae': 1.0230292081832886, 'rmse': 1.0230313539505005}","{'mae': 0.00797627680003643, 'rmse': 0.010528283193707466}"
val,"{'mae': 1.0237153768539429, 'rmse': 1.0237153768539429}","{'mae': 0.007570845074951649, 'rmse': 0.010420538485050201}"
train,"{'mae': 1.023785948753357, 'rmse': 1.0237863063812256}","{'mae': 0.005642946343868971, 'rmse': 0.0073634181171655655}"
val,"{'mae': 1.0233514308929443, 'rmse': 1.0233515501022339}","{'mae': 0.00680666696280241, 'rmse': 0.009603384882211685}"
train,"{'mae': 1.0234373807907104, 'rmse': 1.0234375}","{'mae': 0.005258400924503803, 'rmse': 0.006850880105048418}"
val,"{'mae': 1.0230356454849243, 'rmse': 1.0230356454849243}","{'mae': 0.006624363828450441, 'rmse': 0.009326394647359848}"
train,"{'mae': 1.0195295810699463, 'rmse': 1.0195425748825073}","{'mae': 0.020069601014256477, 'rmse': 0.02800074964761734}"
val,"{'mae': 1.0123958587646484, 'rmse': 1.0123958587646484}","{'mae': 0.011465545743703842, 'rmse': 0.015014037489891052}"
train,"{'mae': 1.0175683498382568, 'rmse': 1.0175706148147583}","{'mae': 0.007202567998319864, 'rmse': 0.009530586190521717}"
val,"{'mae': 1.019614577293396, 'rmse': 1.019614577293396}","{'mae': 0.007320708129554987, 'rmse': 0.010111229494214058}"
train,"{'mae': 1.0193594694137573, 'rmse': 1.0193595886230469}","{'mae': 0.005399187561124563, 'rmse': 0.007045045495033264}"
val,"{'mae': 1.0190006494522095, 'rmse': 1.0190006494522095}","{'mae': 0.00681301997974515, 'rmse': 0.00956160668283701}"
train,"{'mae': 1.0190746784210205, 'rmse': 1.01907479763031}","{'mae': 0.005329820793122053, 'rmse': 0.006936527788639069}"
val,"{'mae': 1.0196505784988403, 'rmse': 1.0196505784988403}","{'mae': 0.006696257274597883, 'rmse': 0.009443899616599083}"
train,"{'mae': 0.07450437545776367, 'rmse': 0.1869690716266632}","{'mae': 0.2957313060760498, 'rmse': 0.45727983117103577}"
val,"{'mae': 0.0045754448510706425, 'rmse': 0.004874558188021183}","{'mae': 0.13210192322731018, 'rmse': 0.1701413244009018}"
train,"{'mae': 0.002832550322636962, 'rmse': 0.0036040933337062597}","{'mae': 0.08501654118299484, 'rmse': 0.11344117671251297}"
val,"{'mae': 0.001417182618752122, 'rmse': 0.0018142394255846739}","{'mae': 0.057684753090143204, 'rmse': 0.07612211257219315}"
train,"{'mae': 0.0010256809182465076, 'rmse': 0.0013335216790437698}","{'mae': 0.04297622665762901, 'rmse': 0.0582706481218338}"
val,"{'mae': 0.0007477480685338378, 'rmse': 0.0009469102951698005}","{'mae': 0.03438734635710716, 'rmse': 0.046236876398324966}"
train,"{'mae': 0.0005382717354223132, 'rmse': 0.0006691427552141249}","{'mae': 0.029018858447670937, 'rmse': 0.039497945457696915}"
val,"{'mae': 0.0009348656167276204, 'rmse': 0.0010543449316173792}","{'mae': 0.026201123371720314, 'rmse': 0.03515905141830444}"
train,"{'mae': 0.0007185750873759389, 'rmse': 0.0008671220275573432}","{'mae': 0.022919541224837303, 'rmse': 0.03127623721957207}"
val,"{'mae': 0.00035417507751844823, 'rmse': 0.0004676403186749667}","{'mae': 0.021826718002557755, 'rmse': 0.029343461617827415}"
train,"{'mae': 0.0023205759935081005, 'rmse': 0.002949967747554183}","{'mae': 0.028514469042420387, 'rmse': 0.03833964839577675}"
val,"{'mae': 0.0011219073785468936, 'rmse': 0.0011831227457150817}","{'mae': 0.020921682938933372, 'rmse': 0.02818961814045906}"
train,"{'mae': 0.00037720880936831236, 'rmse': 0.000476882210932672}","{'mae': 0.01725097931921482, 'rmse': 0.023417122662067413}"
val,"{'mae': 0.0005574556416831911, 'rmse': 0.0006073607364669442}","{'mae': 0.0158175490796566, 'rmse': 0.0215720497071743}"
train,"{'mae': 0.0005721885827369988, 'rmse': 0.0006816497188992798}","{'mae': 0.013710585422813892, 'rmse': 0.01852773316204548}"
val,"{'mae': 0.0004502189694903791, 'rmse': 0.0005071016494184732}","{'mae': 0.013792627491056919, 'rmse': 0.018871402367949486}"
train,"{'mae': 0.0005279663600958884, 'rmse': 0.0006274414481595159}","{'mae': 0.011645998805761337, 'rmse': 0.01572549343109131}"
val,"{'mae': 0.00030276691541075706, 'rmse': 0.00034684158163145185}","{'mae': 0.012054854072630405, 'rmse': 0.01672830991446972}"
train,"{'mae': 0.000509228790178895, 'rmse': 0.0006249467842280865}","{'mae': 0.01037332508713007, 'rmse': 0.013968192040920258}"
val,"{'mae': 0.0008657915168441832, 'rmse': 0.0008817267371341586}","{'mae': 0.01102018915116787, 'rmse': 0.01527999248355627}"
train,"{'mae': 0.003487198380753398, 'rmse': 0.004673612769693136}","{'mae': 0.016675274819135666, 'rmse': 0.022053778171539307}"
val,"{'mae': 0.0009919408475980163, 'rmse': 0.0010130141163244843}","{'mae': 0.014554131776094437, 'rmse': 0.019321070984005928}"
train,"{'mae': 0.0011095149675384164, 'rmse': 0.001280526746995747}","{'mae': 0.010619950480759144, 'rmse': 0.014170633628964424}"
val,"{'mae': 0.0004897286416962743, 'rmse': 0.0005202525062486529}","{'mae': 0.011066851206123829, 'rmse': 0.015344562008976936}"
train,"{'mae': 0.00043312530033290386, 'rmse': 0.0005609041545540094}","{'mae': 0.009344607591629028, 'rmse': 0.01251907553523779}"
val,"{'mae': 0.000281025335425511, 'rmse': 0.00031751400092616677}","{'mae': 0.01019926555454731, 'rmse': 0.014273548498749733}"
train,"{'mae': 0.0002180225565098226, 'rmse': 0.0002665648644324392}","{'mae': 0.00889319647103548, 'rmse': 0.011895493604242802}"
val,"{'mae': 0.00011259330494794995, 'rmse': 0.00014001784438733011}","{'mae': 0.00985945388674736, 'rmse': 0.0137617327272892}"
train,"{'mae': 0.0003032697713933885, 'rmse': 0.000361257407348603}","{'mae': 0.008483946323394775, 'rmse': 0.0113279540091753}"
val,"{'mae': 0.00011426782293710858, 'rmse': 0.00013776712876278907}","{'mae': 0.009485026821494102, 'rmse': 0.013253707438707352}"
train,"{'mae': 0.005567461717873812, 'rmse': 0.00696189608424902}","{'mae': 0.026441406458616257, 'rmse': 0.035491619259119034}"
val,"{'mae': 0.003179398598149419, 'rmse': 0.0031931689009070396}","{'mae': 0.015661675482988358, 'rmse': 0.02066093496978283}"
train,"{'mae': 0.001163202105090022, 'rmse': 0.001460771425627172}","{'mae': 0.01169001217931509, 'rmse': 0.015559805557131767}"
val,"{'mae': 0.0004921688814647496, 'rmse': 0.0005192823009565473}","{'mae': 0.01046591717749834, 'rmse': 0.014575041830539703}"
train,"{'mae': 0.00021290613221935928, 'rmse': 0.0002661722828634083}","{'mae': 0.008827117271721363, 'rmse': 0.011731628328561783}"
val,"{'mae': 0.00010981482046190649, 'rmse': 0.00014134937373455614}","{'mae': 0.009639055468142033, 'rmse': 0.013468638993799686}"
train,"{'mae': 0.0002330499846721068, 'rmse': 0.0002791181323118508}","{'mae': 0.008290334604680538, 'rmse': 0.011027928441762924}"
val,"{'mae': 0.00010390526585979387, 'rmse': 0.00012367061572149396}","{'mae': 0.009376096539199352, 'rmse': 0.013078900054097176}"
train,"{'mae': 0.0002139367425115779, 'rmse': 0.00027247043908573687}","{'mae': 0.007973159663379192, 'rmse': 0.010598973371088505}"
val,"{'mae': 0.0004887855611741543, 'rmse': 0.0005030373577028513}","{'mae': 0.009090808220207691, 'rmse': 0.012730753980576992}"
train,"{'mae': 0.005424754694104195, 'rmse': 0.006676310207694769}","{'mae': 0.01764640025794506, 'rmse': 0.02329193241894245}"
val,"{'mae': 0.0033980554435402155, 'rmse': 0.0034106874372810125}","{'mae': 0.011572667397558689, 'rmse': 0.015624426305294037}"
train,"{'mae': 0.0011567957699298859, 'rmse': 0.0013918374897912145}","{'mae': 0.00968322716653347, 'rmse': 0.012817817740142345}"
val,"{'mae': 0.0005733408615924418, 'rmse': 0.0005984707968309522}","{'mae': 0.009744753129780293, 'rmse': 0.013504760339856148}"
train,"{'mae': 0.0002307696413481608, 'rmse': 0.0002906788722611964}","{'mae': 0.008223550394177437, 'rmse': 0.010876159183681011}"
val,"{'mae': 0.00023373498697765172, 'rmse': 0.0002576553379185498}","{'mae': 0.009256716817617416, 'rmse': 0.012842456810176373}"
train,"{'mae': 0.0002309333358425647, 'rmse': 0.00027341858367435634}","{'mae': 0.007885700091719627, 'rmse': 0.01043181773275137}"
val,"{'mae': 0.000365561485523358, 'rmse': 0.0003836117102764547}","{'mae': 0.00911572203040123, 'rmse': 0.01275234017521143}"
train,"{'mae': 0.0001488757407059893, 'rmse': 0.00018730259034782648}","{'mae': 0.007558323908597231, 'rmse': 0.010002942755818367}"
val,"{'mae': 0.0001448204566258937, 'rmse': 0.00017031132301781327}","{'mae': 0.008831704966723919, 'rmse': 0.012310539372265339}"
train,"{'mae': 0.0037607892882078886, 'rmse': 0.004901508335024118}","{'mae': 0.024100223556160927, 'rmse': 0.03211037814617157}"
val,"{'mae': 0.0006393228541128337, 'rmse': 0.0006733248592354357}","{'mae': 0.01885356567800045, 'rmse': 0.02376948855817318}"
train,"{'mae': 0.0008572849328629673, 'rmse': 0.001027952879667282}","{'mae': 0.01030067726969719, 'rmse': 0.01368242222815752}"
val,"{'mae': 0.0003903386532329023, 'rmse': 0.00041120080277323723}","{'mae': 0.010073930956423283, 'rmse': 0.01379312388598919}"
train,"{'mae': 0.00023743683414068073, 'rmse': 0.0002834161859937012}","{'mae': 0.007786025293171406, 'rmse': 0.010286752134561539}"
val,"{'mae': 0.00025813261163420975, 'rmse': 0.00028049389948137105}","{'mae': 0.008947364054620266, 'rmse': 0.012388918548822403}"
train,"{'mae': 0.00014038270455785096, 'rmse': 0.00017819629283621907}","{'mae': 0.007400162983685732, 'rmse': 0.009776856750249863}"
val,"{'mae': 8.442912803729996e-05, 'rmse': 0.00010738293349277228}","{'mae': 0.008610592223703861, 'rmse': 0.011957074515521526}"
train,"{'mae': 0.00028705416480079293, 'rmse': 0.000336240918841213}","{'mae': 0.007282574661076069, 'rmse': 0.009609807282686234}"
val,"{'mae': 0.0002655762655194849, 'rmse': 0.00028349022613838315}","{'mae': 0.008388674817979336, 'rmse': 0.011659231968224049}"
train,"{'mae': 0.003405630588531494, 'rmse': 0.004491869825869799}","{'mae': 0.01679592952132225, 'rmse': 0.022458525374531746}"
val,"{'mae': 0.0014260740717872977, 'rmse': 0.001433769939467311}","{'mae': 0.010472068563103676, 'rmse': 0.014185316860675812}"
train,"{'mae': 0.0006877630949020386, 'rmse': 0.0007947778212837875}","{'mae': 0.00832689180970192, 'rmse': 0.010961809195578098}"
val,"{'mae': 0.0001651575876167044, 'rmse': 0.0001911212020786479}","{'mae': 0.009032245725393295, 'rmse': 0.012437935918569565}"
train,"{'mae': 0.0002595490077510476, 'rmse': 0.00031936095911078155}","{'mae': 0.007228793576359749, 'rmse': 0.009529318660497665}"
val,"{'mae': 0.00014064085553400218, 'rmse': 0.00016350971418432891}","{'mae': 0.008410229347646236, 'rmse': 0.011640571057796478}"
train,"{'mae': 0.00012574330321513116, 'rmse': 0.00015434894885402173}","{'mae': 0.006899272091686726, 'rmse': 0.00909956730902195}"
val,"{'mae': 0.00012323615374043584, 'rmse': 0.00014770322013646364}","{'mae': 0.008146561682224274, 'rmse': 0.011304664425551891}"
train,"{'mae': 0.00017813323938753456, 'rmse': 0.00021962786559015512}","{'mae': 0.0067866649478673935, 'rmse': 0.008944405242800713}"
val,"{'mae': 0.00015913040260784328, 'rmse': 0.00018242135411128402}","{'mae': 0.008026023395359516, 'rmse': 0.011192314326763153}"
train,"{'mae': 0.0036644095089286566, 'rmse': 0.004598827101290226}","{'mae': 0.018764158710837364, 'rmse': 0.025145569816231728}"
val,"{'mae': 0.0022582870442420244, 'rmse': 0.0022650803439319134}","{'mae': 0.012931444682180882, 'rmse': 0.016794925555586815}"
train,"{'mae': 0.000758899434003979, 'rmse': 0.0009342013509012759}","{'mae': 0.008532820269465446, 'rmse': 0.011277218349277973}"
val,"{'mae': 8.609428914496675e-05, 'rmse': 0.00010679260594770312}","{'mae': 0.008404180407524109, 'rmse': 0.011642447672784328}"
train,"{'mae': 0.00017039125668816268, 'rmse': 0.00021358899539336562}","{'mae': 0.006879650522023439, 'rmse': 0.009056535549461842}"
val,"{'mae': 0.00011240610911045223, 'rmse': 0.00013226349256001413}","{'mae': 0.008091169409453869, 'rmse': 0.011263441294431686}"
train,"{'mae': 0.00015547338989563286, 'rmse': 0.00018959077715408057}","{'mae': 0.006621560547500849, 'rmse': 0.008714094758033752}"
val,"{'mae': 7.743342575849965e-05, 'rmse': 9.856901306193322e-05}","{'mae': 0.007934335619211197, 'rmse': 0.011002565734088421}"
train,"{'mae': 0.0001931297010742128, 'rmse': 0.00023103845887817442}","{'mae': 0.00648708688095212, 'rmse': 0.008535644970834255}"
val,"{'mae': 0.0004487974219955504, 'rmse': 0.0004594696220010519}","{'mae': 0.00776064395904541, 'rmse': 0.010814386419951916}"
train,"{'mae': 0.003158779116347432, 'rmse': 0.004367706831544638}","{'mae': 0.016204509884119034, 'rmse': 0.02152279019355774}"
val,"{'mae': 0.0012136315926909447, 'rmse': 0.001222351798787713}","{'mae': 0.014521034434437752, 'rmse': 0.01883920468389988}"
train,"{'mae': 0.0004753934626933187, 'rmse': 0.0006214629393070936}","{'mae': 0.008069529198110104, 'rmse': 0.010599132627248764}"
val,"{'mae': 0.0002022279950324446, 'rmse': 0.00022253715724218637}","{'mae': 0.008074784651398659, 'rmse': 0.011181211099028587}"
train,"{'mae': 0.00012801594857592136, 'rmse': 0.00015696269110776484}","{'mae': 0.006752194836735725, 'rmse': 0.00886468030512333}"
val,"{'mae': 0.00010620652028592303, 'rmse': 0.00012887488992419094}","{'mae': 0.007821180857717991, 'rmse': 0.010869594290852547}"
train,"{'mae': 0.00017588891205377877, 'rmse': 0.00021392045891843736}","{'mae': 0.0063921925611793995, 'rmse': 0.008396920748054981}"
val,"{'mae': 0.00021752140310127288, 'rmse': 0.00023638435231987387}","{'mae': 0.007613292429596186, 'rmse': 0.010620133951306343}"
train,"{'mae': 0.00023249057994689792, 'rmse': 0.0002835366176441312}","{'mae': 0.006293551530689001, 'rmse': 0.00826863944530487}"
val,"{'mae': 8.761531353229657e-05, 'rmse': 0.00010764508624561131}","{'mae': 0.007580496836453676, 'rmse': 0.010513636283576488}"
train,"{'mae': 0.0007193586206994951, 'rmse': 0.0009560029720887542}","{'mae': 0.015164224430918694, 'rmse': 0.021012412384152412}"
val,"{'mae': 0.0002127051557181403, 'rmse': 0.00023937902005854994}","{'mae': 0.01008287351578474, 'rmse': 0.013401951640844345}"
train,"{'mae': 0.00022757682017982006, 'rmse': 0.0002815957413986325}","{'mae': 0.007028557825833559, 'rmse': 0.009236153215169907}"
val,"{'mae': 9.660507930675521e-05, 'rmse': 0.00011292968702036887}","{'mae': 0.007576072588562965, 'rmse': 0.010473913513123989}"
train,"{'mae': 0.000215945765376091, 'rmse': 0.0002614180266391486}","{'mae': 0.006095211021602154, 'rmse': 0.008008618839085102}"
val,"{'mae': 0.0005949617479927838, 'rmse': 0.000601394334807992}","{'mae': 0.007405528333038092, 'rmse': 0.010363905690610409}"
train,"{'mae': 0.00028639406082220376, 'rmse': 0.0003450059739407152}","{'mae': 0.006007463205605745, 'rmse': 0.00788940954953432}"
val,"{'mae': 8.537775283912197e-05, 'rmse': 0.00010165212006540969}","{'mae': 0.0072237285785377026, 'rmse': 0.010098543018102646}"
train,"{'mae': 0.0005630532978102565, 'rmse': 0.0006641101790592074}","{'mae': 0.005929554346948862, 'rmse': 0.0077800452709198}"
val,"{'mae': 0.0005134556558914483, 'rmse': 0.0005229200469329953}","{'mae': 0.007163030095398426, 'rmse': 0.010057175531983376}"
train,"{'mae': 0.004277151543647051, 'rmse': 0.005466564558446407}","{'mae': 0.016318002715706825, 'rmse': 0.021701833233237267}"
val,"{'mae': 0.0024245271924883127, 'rmse': 0.002431156113743782}","{'mae': 0.013401011936366558, 'rmse': 0.0171500276774168}"
train,"{'mae': 0.0008871167665347457, 'rmse': 0.0010823995107784867}","{'mae': 0.007590787019580603, 'rmse': 0.01001536101102829}"
val,"{'mae': 0.00022926533711142838, 'rmse': 0.00024926301557570696}","{'mae': 0.00750566553324461, 'rmse': 0.010420989245176315}"
train,"{'mae': 0.0001831192639656365, 'rmse': 0.00021904050663579255}","{'mae': 0.006026016548275948, 'rmse': 0.007898950949311256}"
val,"{'mae': 0.00023328137467615306, 'rmse': 0.0002514435909688473}","{'mae': 0.007300258614122868, 'rmse': 0.010171663016080856}"
train,"{'mae': 0.0001764745538821444, 'rmse': 0.00021300044318195432}","{'mae': 0.005815763492137194, 'rmse': 0.0076237889006733894}"
val,"{'mae': 0.0004149590095039457, 'rmse': 0.00042441076948307455}","{'mae': 0.0072395349852740765, 'rmse': 0.010043306276202202}"
train,"{'mae': 0.00018973379337694496, 'rmse': 0.00022370615624822676}","{'mae': 0.005775033496320248, 'rmse': 0.0075712911784648895}"
val,"{'mae': 8.699860336491838e-05, 'rmse': 0.00010240290430374444}","{'mae': 0.0073511796072125435, 'rmse': 0.010250256396830082}"
train,"{'mae': 0.0034518656320869923, 'rmse': 0.0043237945064902306}","{'mae': 0.020300962030887604, 'rmse': 0.02711210772395134}"
val,"{'mae': 0.00012742045510094613, 'rmse': 0.00016358710126951337}","{'mae': 0.011072919704020023, 'rmse': 0.014506611041724682}"
train,"{'mae': 0.0006957653095014393, 'rmse': 0.000891488220077008}","{'mae': 0.008652770891785622, 'rmse': 0.011460510082542896}"
val,"{'mae': 0.0003261227102484554, 'rmse': 0.0003455066471360624}","{'mae': 0.008017870597541332, 'rmse': 0.011015582829713821}"
train,"{'mae': 0.00013175948697607964, 'rmse': 0.00016319080896209925}","{'mae': 0.006076760124415159, 'rmse': 0.007962158881127834}"
val,"{'mae': 0.0001408117386745289, 'rmse': 0.00016525544924661517}","{'mae': 0.007253169547766447, 'rmse': 0.010095382109284401}"
train,"{'mae': 9.426750330021605e-05, 'rmse': 0.00011649389489321038}","{'mae': 0.005777059122920036, 'rmse': 0.0075660026632249355}"
val,"{'mae': 7.469115371350199e-05, 'rmse': 9.654999303165823e-05}","{'mae': 0.007159230299293995, 'rmse': 0.00992752518504858}"
train,"{'mae': 0.0001941777009051293, 'rmse': 0.00024098849098663777}","{'mae': 0.005664220545440912, 'rmse': 0.007414736784994602}"
val,"{'mae': 0.0003367749450262636, 'rmse': 0.00034924011561088264}","{'mae': 0.00697568291798234, 'rmse': 0.009727238677442074}"
train,"{'mae': 0.003431897144764662, 'rmse': 0.004506946075707674}","{'mae': 0.013298556208610535, 'rmse': 0.017607560381293297}"
val,"{'mae': 0.002160723088309169, 'rmse': 0.002163098892197013}","{'mae': 0.010670164600014687, 'rmse': 0.013971402309834957}"
train,"{'mae': 0.000722000899259001, 'rmse': 0.000851518998388201}","{'mae': 0.007079686038196087, 'rmse': 0.009289512410759926}"
val,"{'mae': 0.00048470828915014863, 'rmse': 0.0004942844971083105}","{'mae': 0.0073631233535707, 'rmse': 0.010193158872425556}"
train,"{'mae': 0.0003330111794639379, 'rmse': 0.00039156433194875717}","{'mae': 0.005927382502704859, 'rmse': 0.00774260051548481}"
val,"{'mae': 7.063459634082392e-05, 'rmse': 9.17673678486608e-05}","{'mae': 0.007145211566239595, 'rmse': 0.00990578718483448}"
train,"{'mae': 0.0001600065006641671, 'rmse': 0.00018987467046827078}","{'mae': 0.005671761464327574, 'rmse': 0.007413374725729227}"
val,"{'mae': 0.00022667815210297704, 'rmse': 0.00024469682830385864}","{'mae': 0.006996141746640205, 'rmse': 0.009695394895970821}"
train,"{'mae': 0.00011642051686067134, 'rmse': 0.000143855664646253}","{'mae': 0.005551781039685011, 'rmse': 0.007258351892232895}"
val,"{'mae': 7.29702805983834e-05, 'rmse': 8.992342191049829e-05}","{'mae': 0.006906040944159031, 'rmse': 0.009650754742324352}"
train,"{'mae': 0.0037464420311152935, 'rmse': 0.004808560945093632}","{'mae': 0.01304562296718359, 'rmse': 0.017165666446089745}"
val,"{'mae': 0.00042186735663563013, 'rmse': 0.0004464889643713832}","{'mae': 0.009936156682670116, 'rmse': 0.013118150644004345}"
train,"{'mae': 0.0008670977549627423, 'rmse': 0.001035614637658}","{'mae': 0.006892617326229811, 'rmse': 0.009027279913425446}"
val,"{'mae': 0.0002302873326698318, 'rmse': 0.00025350460782647133}","{'mae': 0.007523947861045599, 'rmse': 0.010373808443546295}"
train,"{'mae': 0.00019137203344143927, 'rmse': 0.00024297753407154232}","{'mae': 0.005822737701237202, 'rmse': 0.007598762400448322}"
val,"{'mae': 0.00021310715237632394, 'rmse': 0.00023130091722123325}","{'mae': 0.007217832840979099, 'rmse': 0.009937694296240807}"
train,"{'mae': 0.0002046226873062551, 'rmse': 0.0002438681694911793}","{'mae': 0.005587339401245117, 'rmse': 0.007293495815247297}"
val,"{'mae': 0.0002804214309435338, 'rmse': 0.000292560231173411}","{'mae': 0.0069379135966300964, 'rmse': 0.009611491113901138}"
train,"{'mae': 0.0002532080397941172, 'rmse': 0.0003038644790649414}","{'mae': 0.005498390644788742, 'rmse': 0.007181843742728233}"
val,"{'mae': 0.0002612571988720447, 'rmse': 0.00027536749257706106}","{'mae': 0.006860848516225815, 'rmse': 0.009565371088683605}"
train,"{'mae': 0.003140163840726018, 'rmse': 0.004127817694097757}","{'mae': 0.013686253689229488, 'rmse': 0.018328046426177025}"
val,"{'mae': 0.002124221296980977, 'rmse': 0.002127185696735978}","{'mae': 0.009540206752717495, 'rmse': 0.012701589614152908}"
train,"{'mae': 0.0006861378788016737, 'rmse': 0.0008249855600297451}","{'mae': 0.006568340118974447, 'rmse': 0.008590380661189556}"
val,"{'mae': 0.00010342540190322325, 'rmse': 0.00012657443585339934}","{'mae': 0.007160012610256672, 'rmse': 0.00983471143990755}"
train,"{'mae': 0.0002966150059364736, 'rmse': 0.00034111354034394026}","{'mae': 0.005553890019655228, 'rmse': 0.0072435010224580765}"
val,"{'mae': 8.898996748030186e-05, 'rmse': 0.00010597207437967882}","{'mae': 0.006964769214391708, 'rmse': 0.009616626426577568}"
train,"{'mae': 0.00020526949083432555, 'rmse': 0.00023668864741921425}","{'mae': 0.005445416551083326, 'rmse': 0.007105541415512562}"
val,"{'mae': 8.513576904078946e-05, 'rmse': 0.0001084033865481615}","{'mae': 0.006919023115187883, 'rmse': 0.009615735150873661}"
train,"{'mae': 0.0001037874972098507, 'rmse': 0.0001288394269067794}","{'mae': 0.0053809103555977345, 'rmse': 0.007019998971372843}"
val,"{'mae': 0.00011832494783448055, 'rmse': 0.0001456314348615706}","{'mae': 0.0066941711120307446, 'rmse': 0.009326939471065998}"
train,"{'mae': 0.003628241363912821, 'rmse': 0.004657570272684097}","{'mae': 0.01348461490124464, 'rmse': 0.017764799296855927}"
val,"{'mae': 0.002038382925093174, 'rmse': 0.002043116604909301}","{'mae': 0.011825094930827618, 'rmse': 0.015636205673217773}"
train,"{'mae': 0.0007409643731079996, 'rmse': 0.0008913130150176585}","{'mae': 0.007398576941341162, 'rmse': 0.009700015187263489}"
val,"{'mae': 0.00025598600041121244, 'rmse': 0.00027480165590532124}","{'mae': 0.007218231912702322, 'rmse': 0.009880702011287212}"
train,"{'mae': 0.00015343139239121228, 'rmse': 0.0001982283138204366}","{'mae': 0.005719094071537256, 'rmse': 0.007450828794389963}"
val,"{'mae': 0.0002240978938061744, 'rmse': 0.00024080580624286085}","{'mae': 0.006944507360458374, 'rmse': 0.009572524577379227}"
train,"{'mae': 0.00016152005991898477, 'rmse': 0.0001889142149593681}","{'mae': 0.005423084832727909, 'rmse': 0.00706914346665144}"
val,"{'mae': 0.00010404692875454202, 'rmse': 0.00013142994430381805}","{'mae': 0.006835728418081999, 'rmse': 0.009437840431928635}"
train,"{'mae': 0.00014447416469920427, 'rmse': 0.000177132009412162}","{'mae': 0.0052803922444581985, 'rmse': 0.006886936258524656}"
val,"{'mae': 0.00012525937927421182, 'rmse': 0.00015176297165453434}","{'mae': 0.006731601431965828, 'rmse': 0.009339329786598682}"
train,"{'mae': 0.0035015055909752846, 'rmse': 0.004467134829610586}","{'mae': 0.012596921995282173, 'rmse': 0.016739951446652412}"
val,"{'mae': 0.0017429959261789918, 'rmse': 0.0017492391634732485}","{'mae': 0.009419610723853111, 'rmse': 0.012471979483962059}"
train,"{'mae': 0.0007834563148207963, 'rmse': 0.0009320724639110267}","{'mae': 0.0066261193715035915, 'rmse': 0.008665952831506729}"
val,"{'mae': 0.00013886085071135312, 'rmse': 0.00016479819896630943}","{'mae': 0.00714509841054678, 'rmse': 0.00990619882941246}"
train,"{'mae': 0.00027254654560238123, 'rmse': 0.0003091207181569189}","{'mae': 0.0055077169090509415, 'rmse': 0.007171277422457933}"
val,"{'mae': 0.0002292887947987765, 'rmse': 0.0002468990278430283}","{'mae': 0.006963368039578199, 'rmse': 0.009629275649785995}"
train,"{'mae': 0.00015921093290671706, 'rmse': 0.00019319768762215972}","{'mae': 0.005401989445090294, 'rmse': 0.007033265195786953}"
val,"{'mae': 8.090367919066921e-05, 'rmse': 0.00010149268200621009}","{'mae': 0.006747935898602009, 'rmse': 0.009331338107585907}"
train,"{'mae': 9.139583562500775e-05, 'rmse': 0.00011348267435096204}","{'mae': 0.005266029387712479, 'rmse': 0.006859916727989912}"
val,"{'mae': 6.382638093782589e-05, 'rmse': 8.664906636113301e-05}","{'mae': 0.006674270145595074, 'rmse': 0.009253229945898056}"
train,"{'mae': 0.0019510661950334907, 'rmse': 0.0024728060234338045}","{'mae': 0.015146687626838684, 'rmse': 0.020768560469150543}"
val,"{'mae': 0.0012943176552653313, 'rmse': 0.0013016457669436932}","{'mae': 0.011840389110147953, 'rmse': 0.015391328372061253}"
train,"{'mae': 0.00042257379391230643, 'rmse': 0.0005660895840264857}","{'mae': 0.006387938279658556, 'rmse': 0.008378173224627972}"
val,"{'mae': 0.00011928547610295936, 'rmse': 0.0001460432104067877}","{'mae': 0.00680144689977169, 'rmse': 0.009416187182068825}"
train,"{'mae': 0.00014083854330237955, 'rmse': 0.0001783000334398821}","{'mae': 0.005267948843538761, 'rmse': 0.00686358567327261}"
val,"{'mae': 0.00020947140001226217, 'rmse': 0.00022690735931973904}","{'mae': 0.006618885323405266, 'rmse': 0.009170802310109138}"
train,"{'mae': 0.00018120194727089256, 'rmse': 0.00021888317132834345}","{'mae': 0.0051681469194591045, 'rmse': 0.006732546724379063}"
val,"{'mae': 0.00011032783368136734, 'rmse': 0.00012870000500697643}","{'mae': 0.006565276999026537, 'rmse': 0.009107020683586597}"
train,"{'mae': 0.00020120339468121529, 'rmse': 0.00023983763821888715}","{'mae': 0.005114448722451925, 'rmse': 0.0066671110689640045}"
val,"{'mae': 0.00033049669582396746, 'rmse': 0.00034194072941318154}","{'mae': 0.006574627943336964, 'rmse': 0.00910074170678854}"
train,"{'mae': 0.00400220463052392, 'rmse': 0.005050597712397575}","{'mae': 0.0139487124979496, 'rmse': 0.018436981365084648}"
val,"{'mae': 0.00012626116222236305, 'rmse': 0.00016397317813243717}","{'mae': 0.010091324336826801, 'rmse': 0.013260344974696636}"
train,"{'mae': 0.0008329132106155157, 'rmse': 0.000998272793367505}","{'mae': 0.006990277674049139, 'rmse': 0.00916198082268238}"
val,"{'mae': 0.000541801389772445, 'rmse': 0.0005513245705515146}","{'mae': 0.007022237870842218, 'rmse': 0.0095828203484416}"
train,"{'mae': 0.000318708858685568, 'rmse': 0.00036126800114288926}","{'mae': 0.005462828557938337, 'rmse': 0.007103082723915577}"
val,"{'mae': 0.0004098478239029646, 'rmse': 0.00041998960659839213}","{'mae': 0.0068446253426373005, 'rmse': 0.009388786740601063}"
train,"{'mae': 0.00015717990754637867, 'rmse': 0.0002013333432842046}","{'mae': 0.005163833033293486, 'rmse': 0.006718347780406475}"
val,"{'mae': 7.019445911282673e-05, 'rmse': 9.347943705506623e-05}","{'mae': 0.006591691169887781, 'rmse': 0.009123582392930984}"
train,"{'mae': 0.0001179936298285611, 'rmse': 0.0001434792357031256}","{'mae': 0.005059237591922283, 'rmse': 0.00658501498401165}"
val,"{'mae': 0.00010068193660117686, 'rmse': 0.00012663740199059248}","{'mae': 0.006503704469650984, 'rmse': 0.009025592356920242}"
train,"{'mae': 0.0030668582767248154, 'rmse': 0.0039615207351744175}","{'mae': 0.013414544053375721, 'rmse': 0.018088575452566147}"
val,"{'mae': 0.0017438256181776524, 'rmse': 0.0017480750102549791}","{'mae': 0.008619217202067375, 'rmse': 0.01162277814000845}"
train,"{'mae': 0.0006461901939474046, 'rmse': 0.0007996625499799848}","{'mae': 0.006369651760905981, 'rmse': 0.00834162998944521}"
val,"{'mae': 0.000214993444387801, 'rmse': 0.00023635910474695265}","{'mae': 0.0068392325192689896, 'rmse': 0.009403368458151817}"
train,"{'mae': 0.00016076050815172493, 'rmse': 0.00019141378288622946}","{'mae': 0.0052795568481087685, 'rmse': 0.006863755639642477}"
val,"{'mae': 0.00011205641203559935, 'rmse': 0.0001386817602906376}","{'mae': 0.006745608057826757, 'rmse': 0.009334216825664043}"
train,"{'mae': 0.00025804233155213296, 'rmse': 0.00030044623417779803}","{'mae': 0.005094708874821663, 'rmse': 0.006626914720982313}"
val,"{'mae': 0.0003751493350137025, 'rmse': 0.0003860817232634872}","{'mae': 0.006589585915207863, 'rmse': 0.009144484996795654}"
train,"{'mae': 0.0002879443345591426, 'rmse': 0.0003272742033004761}","{'mae': 0.005020179785788059, 'rmse': 0.006530367769300938}"
val,"{'mae': 0.00023352401331067085, 'rmse': 0.0002510661433916539}","{'mae': 0.0065262350253760815, 'rmse': 0.009080381132662296}"
train,"{'mae': 0.003143859328702092, 'rmse': 0.0037236041389405727}","{'mae': 0.01436830498278141, 'rmse': 0.019576173275709152}"
val,"{'mae': 0.002509416313841939, 'rmse': 0.002511104801669717}","{'mae': 0.01087702065706253, 'rmse': 0.014498229138553143}"
train,"{'mae': 0.0006961950566619635, 'rmse': 0.0009101802133955061}","{'mae': 0.006241384893655777, 'rmse': 0.008252905681729317}"
val,"{'mae': 0.00016254722140729427, 'rmse': 0.0001775768178049475}","{'mae': 0.006546075455844402, 'rmse': 0.009106481447815895}"
train,"{'mae': 0.0002182195894420147, 'rmse': 0.0002684591163415462}","{'mae': 0.0049973418936133385, 'rmse': 0.0065136137418448925}"
val,"{'mae': 9.165761002805084e-05, 'rmse': 0.0001195553777506575}","{'mae': 0.006369924638420343, 'rmse': 0.008882692083716393}"
train,"{'mae': 0.00023468397557735443, 'rmse': 0.000285013229586184}","{'mae': 0.004819557070732117, 'rmse': 0.006283727940171957}"
val,"{'mae': 0.00039222624036483467, 'rmse': 0.0004014589067082852}","{'mae': 0.006139820907264948, 'rmse': 0.008534291759133339}"
train,"{'mae': 0.00027817857335321605, 'rmse': 0.0003354738582856953}","{'mae': 0.004711600951850414, 'rmse': 0.006139629520475864}"
val,"{'mae': 8.086450543487445e-05, 'rmse': 0.00010128458234248683}","{'mae': 0.006075745914131403, 'rmse': 0.00851011648774147}"
train,"{'mae': 0.0049131810665130615, 'rmse': 0.0058641377836465836}","{'mae': 0.00898840930312872, 'rmse': 0.012259361334145069}"
val,"{'mae': 0.0023743296042084694, 'rmse': 0.002376469084993005}","{'mae': 0.007363031152635813, 'rmse': 0.010033369064331055}"
train,"{'mae': 0.0011192105012014508, 'rmse': 0.0013559125363826752}","{'mae': 0.005195540841668844, 'rmse': 0.00675585912540555}"
val,"{'mae': 0.0003909404040314257, 'rmse': 0.00039996657869778574}","{'mae': 0.006450796499848366, 'rmse': 0.008865155279636383}"
train,"{'mae': 0.00022352773521561176, 'rmse': 0.00027500983560457826}","{'mae': 0.004864361137151718, 'rmse': 0.006328144576400518}"
val,"{'mae': 8.701550541445613e-05, 'rmse': 0.00011506344162626192}","{'mae': 0.00603925995528698, 'rmse': 0.00843371357768774}"
train,"{'mae': 0.00012336877989582717, 'rmse': 0.00015030137728899717}","{'mae': 0.004665200598537922, 'rmse': 0.006073445081710815}"
val,"{'mae': 0.00021352939074859023, 'rmse': 0.00022788664500694722}","{'mae': 0.00598614988848567, 'rmse': 0.008337212726473808}"
train,"{'mae': 0.00011503288260428235, 'rmse': 0.00014428758004214615}","{'mae': 0.004575678147375584, 'rmse': 0.0059576514177024364}"
val,"{'mae': 0.0001230581838171929, 'rmse': 0.00014769336848985404}","{'mae': 0.0059930491261184216, 'rmse': 0.008425121195614338}"
train,"{'mae': 0.0022127164993435144, 'rmse': 0.0025175479240715504}","{'mae': 0.01489803846925497, 'rmse': 0.020598620176315308}"
val,"{'mae': 0.0003883647732436657, 'rmse': 0.00040259864181280136}","{'mae': 0.007725444622337818, 'rmse': 0.010422475636005402}"
train,"{'mae': 0.0008012629114091396, 'rmse': 0.0009608771069906652}","{'mae': 0.006002014968544245, 'rmse': 0.007896646857261658}"
val,"{'mae': 0.0004787071084138006, 'rmse': 0.00048635524581186473}","{'mae': 0.006372104398906231, 'rmse': 0.008758267387747765}"
train,"{'mae': 0.00020365846285130829, 'rmse': 0.00025136256590485573}","{'mae': 0.004588441923260689, 'rmse': 0.005976548884063959}"
val,"{'mae': 7.027515675872564e-05, 'rmse': 9.199892519973218e-05}","{'mae': 0.005921324715018272, 'rmse': 0.008286427706480026}"
train,"{'mae': 0.00020785554079338908, 'rmse': 0.00025665026623755693}","{'mae': 0.004479037132114172, 'rmse': 0.005833838135004044}"
val,"{'mae': 0.00047382520278915763, 'rmse': 0.0004821095790248364}","{'mae': 0.005736138671636581, 'rmse': 0.008041588589549065}"
train,"{'mae': 0.00022318883566185832, 'rmse': 0.0002738043258432299}","{'mae': 0.00437505217269063, 'rmse': 0.005696708336472511}"
val,"{'mae': 0.00014771177666261792, 'rmse': 0.00016093878366518766}","{'mae': 0.005732609424740076, 'rmse': 0.008037376217544079}"
train,"{'mae': 0.002172423293814063, 'rmse': 0.0027932371012866497}","{'mae': 0.007644281256943941, 'rmse': 0.01032052468508482}"
val,"{'mae': 0.0008683454943820834, 'rmse': 0.0008723726496100426}","{'mae': 0.00688716908916831, 'rmse': 0.0093699274584651}"
train,"{'mae': 0.0005246534710749984, 'rmse': 0.0006328349118120968}","{'mae': 0.0049304054118692875, 'rmse': 0.00644767377525568}"
val,"{'mae': 0.00032948111766017973, 'rmse': 0.0003417364787310362}","{'mae': 0.005897323600947857, 'rmse': 0.00827816128730774}"
train,"{'mae': 0.00018820675904862583, 'rmse': 0.0002466880832798779}","{'mae': 0.004458412993699312, 'rmse': 0.005804483313113451}"
val,"{'mae': 7.331048254854977e-05, 'rmse': 9.617307659937069e-05}","{'mae': 0.0057181138545274734, 'rmse': 0.008038866333663464}"
train,"{'mae': 0.0001615251530893147, 'rmse': 0.00020094805222470313}","{'mae': 0.004462552722543478, 'rmse': 0.005811283364892006}"
val,"{'mae': 0.00041754753328859806, 'rmse': 0.0004254111845511943}","{'mae': 0.005880945362150669, 'rmse': 0.008094415068626404}"
train,"{'mae': 0.00019635781063698232, 'rmse': 0.00025087175890803337}","{'mae': 0.00450007151812315, 'rmse': 0.005844315979629755}"
val,"{'mae': 0.0003005689359270036, 'rmse': 0.00031016356660984457}","{'mae': 0.005883459001779556, 'rmse': 0.008156589232385159}"
train,"{'mae': 0.0008213637629523873, 'rmse': 0.001162693020887673}","{'mae': 0.014541493728756905, 'rmse': 0.01991298981010914}"
val,"{'mae': 0.0004205083241686225, 'rmse': 0.00043076666770502925}","{'mae': 0.008472823537886143, 'rmse': 0.011150771751999855}"
train,"{'mae': 0.0002445264835841954, 'rmse': 0.00029566092416644096}","{'mae': 0.005671846214681864, 'rmse': 0.00753140589222312}"
val,"{'mae': 0.0005043239216320217, 'rmse': 0.0005111409700475633}","{'mae': 0.005678684450685978, 'rmse': 0.00797547958791256}"
train,"{'mae': 0.000248600757913664, 'rmse': 0.00029190198983997107}","{'mae': 0.0041836402378976345, 'rmse': 0.005451654549688101}"
val,"{'mae': 0.0002451458422001451, 'rmse': 0.0002580354630481452}","{'mae': 0.005463495850563049, 'rmse': 0.007679487578570843}"
train,"{'mae': 0.00034360087011009455, 'rmse': 0.000397567346226424}","{'mae': 0.004088503308594227, 'rmse': 0.005324174650013447}"
val,"{'mae': 0.0005197020946070552, 'rmse': 0.000525668088812381}","{'mae': 0.00544267613440752, 'rmse': 0.007604308892041445}"
train,"{'mae': 0.00024631214910186827, 'rmse': 0.000290212279651314}","{'mae': 0.004073550924658775, 'rmse': 0.005301165860146284}"
val,"{'mae': 0.00012853987573180348, 'rmse': 0.00015070363588165492}","{'mae': 0.0053600589744746685, 'rmse': 0.007557460106909275}"
train,"{'mae': 0.005271471105515957, 'rmse': 0.006206030026078224}","{'mae': 0.009912562556564808, 'rmse': 0.01435263454914093}"
val,"{'mae': 0.0040861633606255054, 'rmse': 0.0040877326391637325}","{'mae': 0.007473423145711422, 'rmse': 0.010016963817179203}"
train,"{'mae': 0.0013432621490210295, 'rmse': 0.0016262594144791365}","{'mae': 0.005036395043134689, 'rmse': 0.006565486080944538}"
val,"{'mae': 0.001143750036135316, 'rmse': 0.0011467502918094397}","{'mae': 0.005645427852869034, 'rmse': 0.007839933969080448}"
train,"{'mae': 0.00028513342840597034, 'rmse': 0.0003667034034151584}","{'mae': 0.0042152986861765385, 'rmse': 0.0054709287360310555}"
val,"{'mae': 0.00010633960482664406, 'rmse': 0.00012277964560780674}","{'mae': 0.005562008824199438, 'rmse': 0.00780715886503458}"
train,"{'mae': 0.00016193676856346428, 'rmse': 0.00019927386892959476}","{'mae': 0.004094689153134823, 'rmse': 0.005317692179232836}"
val,"{'mae': 0.00011311732669128105, 'rmse': 0.00013783015310764313}","{'mae': 0.005345542449504137, 'rmse': 0.0074952878057956696}"
train,"{'mae': 0.00024003091675695032, 'rmse': 0.0002892951015383005}","{'mae': 0.004137799609452486, 'rmse': 0.005371605511754751}"
val,"{'mae': 7.72941712057218e-05, 'rmse': 9.780742402654141e-05}","{'mae': 0.005513216368854046, 'rmse': 0.007756650447845459}"
train,"{'mae': 0.0014370889402925968, 'rmse': 0.0016456458251923323}","{'mae': 0.014472403563559055, 'rmse': 0.020063454285264015}"
val,"{'mae': 0.0012383059365674853, 'rmse': 0.001241018297150731}","{'mae': 0.009181841276586056, 'rmse': 0.01193513348698616}"
train,"{'mae': 0.0003693182079587132, 'rmse': 0.0004718117415904999}","{'mae': 0.005516303237527609, 'rmse': 0.007294889073818922}"
val,"{'mae': 0.00027869848418049514, 'rmse': 0.0002898431266658008}","{'mae': 0.005549690220504999, 'rmse': 0.007761182263493538}"
train,"{'mae': 0.0001776638237060979, 'rmse': 0.00021788215963169932}","{'mae': 0.004119251389056444, 'rmse': 0.00535787595435977}"
val,"{'mae': 6.30504364380613e-05, 'rmse': 8.201848686439916e-05}","{'mae': 0.0053262352012097836, 'rmse': 0.007478158455342054}"
train,"{'mae': 0.0001586496364325285, 'rmse': 0.00019764233729802072}","{'mae': 0.003986940253525972, 'rmse': 0.005181497894227505}"
val,"{'mae': 0.00015839867410250008, 'rmse': 0.00017152487998828292}","{'mae': 0.005303661338984966, 'rmse': 0.007474958430975676}"
train,"{'mae': 0.0002587236522231251, 'rmse': 0.0003038586291950196}","{'mae': 0.003945930395275354, 'rmse': 0.005124291405081749}"
val,"{'mae': 0.00014530759654007852, 'rmse': 0.00016340082220267504}","{'mae': 0.005256033036857843, 'rmse': 0.007373118307441473}"
train,"{'mae': 0.0054568396881222725, 'rmse': 0.006438190117478371}","{'mae': 0.0090732267126441, 'rmse': 0.013024061918258667}"
val,"{'mae': 0.0004733713576570153, 'rmse': 0.0004819013411179185}","{'mae': 0.006768305320292711, 'rmse': 0.009133685380220413}"
train,"{'mae': 0.00132350146304816, 'rmse': 0.0015956409042701125}","{'mae': 0.004846649244427681, 'rmse': 0.006314912810921669}"
val,"{'mae': 7.866437954362482e-05, 'rmse': 0.00010231041960651055}","{'mae': 0.00573124922811985, 'rmse': 0.008072348311543465}"
train,"{'mae': 0.00031842730822972953, 'rmse': 0.0003763747517950833}","{'mae': 0.004093645606189966, 'rmse': 0.005309572443366051}"
val,"{'mae': 0.00014163610467221588, 'rmse': 0.00015547631483059376}","{'mae': 0.005330859217792749, 'rmse': 0.007449431344866753}"
train,"{'mae': 0.00016881845658645034, 'rmse': 0.00020142606808803976}","{'mae': 0.003954951651394367, 'rmse': 0.005133046302944422}"
val,"{'mae': 0.0002141749282600358, 'rmse': 0.0002268474199809134}","{'mae': 0.00526045449078083, 'rmse': 0.007344034966081381}"
train,"{'mae': 0.000175491877598688, 'rmse': 0.00021415144146885723}","{'mae': 0.003962185233831406, 'rmse': 0.005142838228493929}"
val,"{'mae': 7.822859333828092e-05, 'rmse': 9.205711830873042e-05}","{'mae': 0.005444577895104885, 'rmse': 0.007561332546174526}"
train,"{'mae': 0.0008290134719572961, 'rmse': 0.0010748005006462336}","{'mae': 0.013220970518887043, 'rmse': 0.01838255301117897}"
val,"{'mae': 7.530316361226141e-05, 'rmse': 9.668033453635871e-05}","{'mae': 0.006986021064221859, 'rmse': 0.009483562782406807}"
train,"{'mae': 0.0002303488872712478, 'rmse': 0.00027879487606696784}","{'mae': 0.005025360733270645, 'rmse': 0.00661633163690567}"
val,"{'mae': 6.726320134475827e-05, 'rmse': 7.980411464814097e-05}","{'mae': 0.005588519852608442, 'rmse': 0.007871808484196663}"
train,"{'mae': 0.0002871665055863559, 'rmse': 0.0003489912487566471}","{'mae': 0.003953378181904554, 'rmse': 0.005131998099386692}"
val,"{'mae': 0.00010370631935074925, 'rmse': 0.00012943278125021607}","{'mae': 0.005211306270211935, 'rmse': 0.00728915398940444}"
train,"{'mae': 0.00017841714725364, 'rmse': 0.00021914795797783881}","{'mae': 0.003905921010300517, 'rmse': 0.0050731501542031765}"
val,"{'mae': 0.00013895239681005478, 'rmse': 0.00015227313269861042}","{'mae': 0.005157653708010912, 'rmse': 0.0072677601128816605}"
train,"{'mae': 0.00014092512719798833, 'rmse': 0.0001694478269200772}","{'mae': 0.003804905340075493, 'rmse': 0.004941437393426895}"
val,"{'mae': 0.0003010598011314869, 'rmse': 0.00031138822669163346}","{'mae': 0.005075741559267044, 'rmse': 0.00720185274258256}"
train,"{'mae': 0.003960650879889727, 'rmse': 0.0048457481898367405}","{'mae': 0.008061463013291359, 'rmse': 0.010793154127895832}"
val,"{'mae': 0.0028527702670544386, 'rmse': 0.0028540128841996193}","{'mae': 0.00673398794606328, 'rmse': 0.00894828513264656}"
train,"{'mae': 0.0008624906768091023, 'rmse': 0.0010515594622120261}","{'mae': 0.004632254131138325, 'rmse': 0.006028052885085344}"
val,"{'mae': 0.00015615781012456864, 'rmse': 0.00017173649393953383}","{'mae': 0.0054297368042171, 'rmse': 0.007643893361091614}"
train,"{'mae': 0.0002207474026363343, 'rmse': 0.00027530029183253646}","{'mae': 0.004001363180577755, 'rmse': 0.005191117059439421}"
val,"{'mae': 5.491582487593405e-05, 'rmse': 7.086549885571003e-05}","{'mae': 0.005141586530953646, 'rmse': 0.007187088951468468}"
train,"{'mae': 0.00015954201808199286, 'rmse': 0.00019688591419253498}","{'mae': 0.0038366892840713263, 'rmse': 0.004976639058440924}"
val,"{'mae': 0.00018202379578724504, 'rmse': 0.00019643134146463126}","{'mae': 0.005067585501819849, 'rmse': 0.007159266155213118}"
train,"{'mae': 0.00019643950508907437, 'rmse': 0.00023442265228368342}","{'mae': 0.0037798560224473476, 'rmse': 0.0049041444435715675}"
val,"{'mae': 0.00023227094789035618, 'rmse': 0.0002441053366055712}","{'mae': 0.005122254136949778, 'rmse': 0.007176881656050682}"
