global_epoch,stage,stage_epoch,lr_weight,std_q,mean_abs_q,f_long_over_f_total,e_long_over_e_total
1,1,1,1.0,0.04567110901151188,0.01623095430064405,8.381124141302991e-05,3.0476872866696607
2,1,2,1.0,0.04536964831708282,0.016111522674560546,7.358563152387963e-05,4.145254097186387
3,1,3,1.0,0.04704107120391116,0.01677607600709312,6.40622380480317e-05,3.859753686734656
4,1,4,1.0,0.048273181271227844,0.017271305997147518,6.13549546138368e-05,4.1300035846366
5,1,5,1.0,0.046969756859213556,0.016808600531684027,5.550850242030186e-05,3.376282836779318
6,1,6,1.0,0.04560753001649968,0.01632904052734375,5.3600576953393246e-05,3.5263969121555223
7,1,7,1.0,0.044578797897890994,0.016012610932700653,5.063422052286413e-05,4.094455999875824
8,1,8,1.0,0.04323632590930753,0.015583982744787494,4.8879434366227236e-05,3.570208276740219
9,1,9,1.0,0.04193408627994621,0.015143446490295932,4.8145340240396466e-05,3.86958854601807
10,1,10,1.0,0.039794232880741354,0.014409470207670815,5.295857001850228e-05,4.070054133258672
11,1,11,1.0,0.03852926790907844,0.013979529242230277,5.0772061084920394e-05,3.9349829939144647
12,1,12,1.0,0.03780015395909321,0.013725101030789888,5.295801329720754e-05,4.213834982676776
13,1,13,1.0,0.036345764128412374,0.013176258136064578,5.651069545828483e-05,4.099600865707063
14,1,14,1.0,0.03559243475381439,0.012956372448521802,5.568372886556903e-05,3.999883787130431
15,1,15,1.0,0.03493477849041675,0.012728434114374666,5.558458054726498e-05,3.984210817119715
16,1,16,1.0,0.03458293116717116,0.012609436589428502,5.593549150803789e-05,4.064169474124484
17,1,17,1.0,0.034112242180386616,0.012465047021197457,5.507636042254859e-05,4.026382414536613
18,1,18,1.0,0.033550324809865535,0.012295079157902645,5.908310847195401e-05,4.0326850288435825
19,1,19,1.0,0.03277098417344406,0.012008216654133593,5.885628845090511e-05,4.1196521289810955
20,1,20,1.0,0.03206689768701768,0.011800000842819866,5.787650517904029e-05,3.366198681076909
21,1,21,1.0,0.0321178844532639,0.011796193717891335,5.876559754791839e-05,4.061354015709807
22,1,22,1.0,0.03197903858268767,0.01174085939847506,5.971519316213866e-05,3.874239880858152
23,1,23,1.0,0.031966822715862264,0.011732592599004762,5.999712045489046e-05,4.058112946116759
24,1,24,1.0,0.03191399324092988,0.01170835204817291,5.97561349606369e-05,4.1874206125970215
25,1,25,1.0,0.03159842155028809,0.011604535102844237,5.831066789414477e-05,3.8194393484837232
26,1,26,1.0,0.031490466398983494,0.01156859730451535,5.8268775101003494e-05,4.072316533677913
27,1,27,1.0,0.03136720708928914,0.011541992366823376,5.7733976628842845e-05,3.73271196092936
28,1,28,1.0,0.031232765786678687,0.011475315656417455,5.6285686347668235e-05,4.117026537840286
29,1,29,1.0,0.030880938838311715,0.011374039984156942,5.68381156212202e-05,3.9598036522698306
30,1,30,1.0,0.03086283344488658,0.011378805894118089,5.66459915387776e-05,3.886169000715408
31,1,31,1.0,0.030552432111199998,0.011254846312041976,5.7315065893084625e-05,3.932913173718494
32,1,32,1.0,0.030656361007555907,0.011279042936797835,5.696883545487497e-05,4.1168631632932495
33,1,33,1.0,0.030328701244130347,0.011175196655795106,5.789884297332973e-05,3.7535282670534738
34,1,34,1.0,0.0302793398962997,0.011144327815781292,5.819849586437754e-05,3.539146326809771
35,1,35,1.0,0.03024202936019509,0.01112570066533537,5.7545262942409815e-05,4.057995401631468
36,1,36,1.0,0.030176366711971332,0.011106743714748285,5.6707128581175964e-05,4.049987507163439
37,1,37,1.0,0.03001259259581623,0.011054154640589006,5.705393860477846e-05,4.111871087081583
38,1,38,1.0,0.03014008509444555,0.011098617032042936,5.662370706245148e-05,3.918248943529749
39,1,39,1.0,0.02980772019972125,0.011003044731596596,5.7188364485091565e-05,4.232901778985629
40,1,40,1.0,0.02987023398244374,0.011008023041945238,5.601501982219853e-05,4.149513797301735
41,1,41,1.0,0.029810836862987102,0.010992941473284338,5.6356682373386664e-05,3.947356146809967
42,1,42,1.0,0.029869316121220024,0.011028894717876728,5.613684793191325e-05,4.024829108141332
43,1,43,1.0,0.029781382132361985,0.010999303540612897,5.6119832030791645e-05,3.8598858647550824
44,1,44,1.0,0.02976486308294639,0.01099235310513749,5.641438875665741e-05,3.6334346773403228
45,1,45,1.0,0.02978817828149097,0.010996151304652549,5.576559405850396e-05,4.000524014836412
46,1,46,1.0,0.02976016883454093,0.010989714223095495,5.5611385068003674e-05,4.089145113780067
47,1,47,1.0,0.029685375737253168,0.010972524056067834,5.548720333652035e-05,3.98983546091487
48,1,48,1.0,0.02971711292950294,0.010978886156000643,5.5375969725395026e-05,4.143527877582483
49,1,49,1.0,0.02960505612301628,0.010953095232319628,5.577051167917118e-05,3.8899551566256645
50,1,50,1.0,0.02959954686093874,0.010939692350534292,5.518988160050488e-05,3.8763380729356696
51,1,51,1.0,0.029760827310140424,0.011002385897514148,5.547721258574339e-05,4.082362623791496
52,1,52,1.0,0.02967994752162945,0.010980512113652677,5.507451749971032e-05,3.8946795165919843
53,1,53,1.0,0.02978576352299043,0.011014000110137158,5.561639219544159e-05,4.129239170567845
54,1,54,1.0,0.029784489803368428,0.011010135675087953,5.5496723170967654e-05,4.156780566812423
55,1,55,1.0,0.02965076472555111,0.010982521578796908,5.5036185347510106e-05,4.065016450125616
56,1,56,1.0,0.029612896601825804,0.010969156835833166,5.491234297617386e-05,4.093262808184148
57,1,57,1.0,0.02963856319924663,0.010979414018810306,5.4862672189005776e-05,4.1010438643916745
58,1,58,1.0,0.029591529736328726,0.010963369499923837,5.4487437125368964e-05,4.116063670492625
59,1,59,1.0,0.029653791963702627,0.01100064201028938,5.4437885535552974e-05,4.083880912784668
60,1,60,1.0,0.029598099584357013,0.01097754697718172,5.430914787301819e-05,4.118981362170164
61,1,61,1.0,0.029493217911151278,0.010946430206298829,5.4210684535908424e-05,3.8583526222702025
62,1,62,1.0,0.029600465148762238,0.010981581940610184,5.4017904543656274e-05,4.119876742798052
63,1,63,1.0,0.029627948200687745,0.010989739287612784,5.408218873892802e-05,4.081080258593318
64,1,64,1.0,0.029522490007963264,0.010952072241367438,5.390072418386226e-05,3.933437046223985
65,1,65,1.0,0.029598185817201427,0.010975219775468874,5.398148914348832e-05,3.9969060423106004
66,1,66,1.0,0.029537659301513714,0.010958608431693835,5.414331555271057e-05,3.913191723945167
67,1,67,1.0,0.029643355594042506,0.011001359646136945,5.378234532047637e-05,4.166940585415783
68,1,68,1.0,0.029575084932506015,0.010976739736703727,5.390947508195903e-05,4.012345145961774
69,1,69,1.0,0.029584364158353676,0.010982838133461455,5.361500220270908e-05,4.06997576834458
70,1,70,1.0,0.029596808466391764,0.010991666989448742,5.375453949043027e-05,4.0378693567421085
71,1,71,1.0,0.029655841999011546,0.010999334058191023,5.359382073282713e-05,4.145362573223814
72,1,72,1.0,0.02961803387720472,0.010989424118628868,5.365667197491105e-05,4.171219365492874
73,1,73,1.0,0.02956364900979599,0.010968265052534577,5.339178876481324e-05,3.987301681049079
74,1,74,1.0,0.029670313127018948,0.01101283247042925,5.329056776627117e-05,4.142957799240821
75,1,75,1.0,0.029563131651387606,0.01097296052916437,5.336300650554809e-05,3.8316083842937925
76,1,76,1.0,0.029581807062503743,0.01098196267674112,5.338434734895818e-05,4.112810321000696
77,1,77,1.0,0.029617670650852558,0.010994498252868651,5.3125530454091795e-05,4.097502283445396
78,1,78,1.0,0.02961768995661475,0.01099201292054266,5.328521475507911e-05,4.061338519328561
79,1,79,1.0,0.029637070429316712,0.01099640825874785,5.327570750728662e-05,4.090760439786682
80,1,80,1.0,0.029556619067583743,0.010971547770703959,5.2818797696808254e-05,4.025522653178262
81,1,81,1.0,0.029584245828348038,0.010977223371848081,5.307579398868359e-05,4.062616380758752
82,1,82,1.0,0.029619268443832215,0.010990898898524096,5.296890797817763e-05,4.034987666973138
83,1,83,1.0,0.02964575506393251,0.01099778542151818,5.292151062983931e-05,4.110950037773158
84,1,84,1.0,0.02960612486478541,0.010984599121615419,5.302411836294767e-05,4.138815305585027
85,1,85,1.0,0.029651150345521116,0.01100236106937767,5.317961265474616e-05,4.119264425976704
86,1,86,1.0,0.02964399667736477,0.011003965402260805,5.2924510693067015e-05,4.024134127997579
87,1,87,1.0,0.029640847048969243,0.010998955914097974,5.2792618255978353e-05,4.045577903850764
88,1,88,1.0,0.02961813733345289,0.01098788926540277,5.3125980239240605e-05,4.020219254987448
89,1,89,1.0,0.029681742099959146,0.011008561248453255,5.29127584226914e-05,4.084728455861286
90,1,90,1.0,0.029648111914870316,0.010991459985064645,5.296950816073191e-05,4.030301073408645
91,1,91,1.0,0.029630063103172705,0.010990439162295088,5.307036519160214e-05,3.8447746587987846
92,1,92,1.0,0.029606959220979254,0.010974610059689253,5.2927990021032483e-05,3.935395339577623
93,1,93,1.0,0.029689328861449742,0.011009531347160666,5.280380003763347e-05,4.091427130561626
94,1,94,1.0,0.029631284189940585,0.010984900776137653,5.290519773192336e-05,3.980954037345341
95,1,95,1.0,0.02968980300525077,0.01100745893136049,5.2917278595587885e-05,4.093116483572498
96,1,96,1.0,0.029623570133525134,0.01098761214557876,5.269805145113204e-05,3.9858835520003346
97,1,97,1.0,0.029668698072878114,0.011000810215615818,5.271286614620762e-05,4.05290948396702
98,1,98,1.0,0.029716006469012325,0.011015723049131215,5.256836761997146e-05,4.142890113965367
99,1,99,1.0,0.029639612904523986,0.010989907362522222,5.2736083956220764e-05,4.054509874169669
100,1,100,1.0,0.029665376139134,0.010998651333344288,5.259115003646085e-05,4.0585267730655
101,1,101,1.0,0.02965084188571007,0.010993965695046971,5.2661311357563934e-05,4.024501587140957
102,1,102,1.0,0.02971901915331347,0.011017352242755074,5.252611764634822e-05,4.113424871399695
103,1,103,1.0,0.029667365871823132,0.010998905842120831,5.2521600458667564e-05,4.086839336751704
104,1,104,1.0,0.029717489334468414,0.011014338354779106,5.250222274447814e-05,4.132413148227313
105,1,105,1.0,0.029698567440773625,0.011008248092781784,5.2576285378484827e-05,4.105850863648738
106,1,106,1.0,0.0297255064473052,0.011017729359814245,5.2596343969878075e-05,4.163033007123208
107,1,107,1.0,0.02966540483995027,0.010997792496640457,5.269195001850866e-05,4.075626941856574
108,1,108,1.0,0.02969108483340898,0.011007495382912139,5.264531218990834e-05,4.064300671171083
109,1,109,1.0,0.029704273705178415,0.011010018829606538,5.252227452082252e-05,4.103545123157638
110,1,110,1.0,0.029674797564579157,0.011001476198180109,5.250792601495212e-05,4.017360029221511
111,1,111,1.0,0.029692363339145923,0.011006126175578843,5.2633087077002105e-05,4.039771916457764
112,1,112,1.0,0.02968795581965896,0.011003632080860627,5.258045576502885e-05,4.023525685809448
113,1,113,1.0,0.02971571051859558,0.011012464099460178,5.2628517061421326e-05,4.057725818646867
114,1,114,1.0,0.02977659878588887,0.011031126177209055,5.256658396042329e-05,4.125043253510796
115,1,115,1.0,0.02972604584294166,0.011014472879915155,5.2429969584636085e-05,4.063073968912859
116,1,116,1.0,0.02974558883362249,0.011021520125560272,5.25031081341974e-05,4.105736423168266
117,1,117,1.0,0.029789877763740275,0.01103445786696214,5.251856924131228e-05,4.109272694640998
118,1,118,1.0,0.029712339245746077,0.011006898912609133,5.2428755576383354e-05,3.9798815341946083
119,1,119,1.0,0.02976717696201119,0.011024820735311915,5.227785467090439e-05,4.104382122197719
120,1,120,1.0,0.029746811930928218,0.011018836445278592,5.234654759242599e-05,4.055808133934288
121,1,121,1.0,0.02972882369442532,0.01101375475500384,5.242687124398346e-05,4.039253578465583
122,1,122,1.0,0.029806976694856966,0.01103632695450742,5.24157386855513e-05,4.152686195729897
123,1,123,1.0,0.029761663898612043,0.011022935712439383,5.245646984051423e-05,4.094284569627707
124,1,124,1.0,0.02973169981845457,0.01101063430818737,5.2396028327856795e-05,4.046172242582115
125,1,125,1.0,0.029767998145392386,0.011025557045243745,5.241839719109481e-05,4.070514371131377
126,1,126,1.0,0.029741630174968947,0.011012319540366149,5.247350154620597e-05,4.052874244663721
127,1,127,1.0,0.02978485085794457,0.011028253098838349,5.240289193969842e-05,4.101717213272974
128,1,128,1.0,0.029772526828565096,0.011024747995229867,5.236727620305155e-05,4.107669966462998
129,1,129,1.0,0.029748011970986997,0.011014357444567559,5.2385961239411765e-05,4.052426802267984
130,1,130,1.0,0.029788378181796676,0.01102885160690699,5.2325991884477274e-05,4.10034720900396
131,1,131,1.0,0.02979423314090517,0.01102978117038042,5.235159040190902e-05,4.127885967008744
132,1,132,1.0,0.02979100226784166,0.011030940243321605,5.231379231918709e-05,4.086687011520331
133,1,133,1.0,0.029795998012536188,0.01103294836354052,5.237777489623904e-05,4.0588733205959375
134,1,134,1.0,0.02981367549313471,0.011035516217223599,5.232620645101082e-05,4.098786493682648
135,1,135,1.0,0.029795555452092032,0.01103111193730281,5.238071449953227e-05,4.091028777028829
136,1,136,1.0,0.029801629927606054,0.011031627002944295,5.230575101666593e-05,4.09646363799711
137,1,137,1.0,0.0297579611807051,0.0110172361064161,5.2440837730240096e-05,3.9887818056727906
138,1,138,1.0,0.029790110140215417,0.01102645164880997,5.232477119104209e-05,4.096423139259243
139,1,139,1.0,0.029841559441371155,0.011044554800049872,5.2356811659780644e-05,4.137375668062188
140,1,140,1.0,0.02978239284344065,0.011024250470674955,5.2293800452731694e-05,4.062000189402379
141,1,141,1.0,0.029818147386348307,0.011036381639985956,5.227114353431537e-05,4.096804770229048
142,1,142,1.0,0.02981104987808312,0.011033573175087952,5.2309987707623084e-05,4.09916531536646
143,1,143,1.0,0.02979592856973393,0.011027511303241436,5.230870179179817e-05,4.078943993309048
144,1,144,1.0,0.029827325389523814,0.011040332019838513,5.2245070218172563e-05,4.086098892014458
145,1,145,1.0,0.029831898766089254,0.011040845805763179,5.227248991364065e-05,4.108873166363854
146,1,146,1.0,0.029799259439515436,0.011029353361863356,5.233340545050349e-05,4.06870068483154
147,1,147,1.0,0.02982037080774464,0.01103614439515986,5.226790086329634e-05,4.094558053401421
148,1,148,1.0,0.02981769070653761,0.011034268354758238,5.2288684261515984e-05,4.092341544293367
149,1,149,1.0,0.029821891157902538,0.011035293350871812,5.2289728307086826e-05,4.125110157671358
150,1,150,1.0,0.02982529442793523,0.011036756654070994,5.224218333736587e-05,4.11506570535153
151,1,151,1.0,0.029819326550314402,0.011035575198312091,5.2246705842265124e-05,4.075538238233961
152,1,152,1.0,0.02978825002510498,0.011025130769126435,5.233440525786624e-05,4.018026664246984
153,1,153,1.0,0.02985181747202032,0.011046694486569135,5.2242485449081086e-05,4.107808528334876
154,1,154,1.0,0.029829909033139392,0.011038081095768855,5.2260692545926874e-05,4.098080723299064
155,1,155,1.0,0.02984095640587025,0.01104263175247062,5.232134358358909e-05,4.117529104069832
156,1,156,1.0,0.029841159045405297,0.011041282988002157,5.2281443751818795e-05,4.125596366018611
157,1,157,1.0,0.029835378605327943,0.011038628651545599,5.2257079903362096e-05,4.119405908201632
158,1,158,1.0,0.029850005218820398,0.0110447111944867,5.226323290461905e-05,4.132012600144071
159,1,159,1.0,0.029816818083871502,0.011033109999110556,5.226776921215194e-05,4.0563565818021425
160,1,160,1.0,0.02984135780929112,0.011040026330540322,5.232675419636459e-05,4.118955778500895
161,1,161,1.0,0.02983717838019939,0.0110387266599215,5.2269241279475766e-05,4.109263626561759
162,1,162,1.0,0.029831810915348582,0.011038186366741474,5.2272583802638234e-05,4.077029424528563
163,1,163,1.0,0.02983533790504786,0.011038695017496745,5.227698481516153e-05,4.096010932916722
164,1,164,1.0,0.029814605410417406,0.01103116386772221,5.228204714904742e-05,4.0704361324842235
165,1,165,1.0,0.02984547202060063,0.011041798844296707,5.2206417197438246e-05,4.0817987880469735
166,1,166,1.0,0.029834897981581482,0.011038535827245467,5.221737782712666e-05,4.081604695626107
167,1,167,1.0,0.02984016587722413,0.011039587509937776,5.2277983789454985e-05,4.104229154461885
168,1,168,1.0,0.029845103615572265,0.011041253391494098,5.2226624691500633e-05,4.103718913752404
169,1,169,1.0,0.029852709303454298,0.011044598212608924,5.223389240654385e-05,4.092324658744181
170,1,170,1.0,0.029848420617817884,0.011041869791145,5.2178341957098686e-05,4.099735978103294
171,1,171,1.0,0.02982432899783099,0.011033584032303248,5.220710476877786e-05,4.055793959474466
172,1,172,1.0,0.0298256577889261,0.011034232636802217,5.222341568084353e-05,4.06174888062029
173,1,173,1.0,0.02984926461283061,0.011042783606765617,5.2219521053330984e-05,4.091843634492898
174,1,174,1.0,0.029842114521638638,0.01103939106933072,5.221797300393597e-05,4.0910988501262
175,1,175,1.0,0.029841235724855482,0.01103990621648283,5.220489058901452e-05,4.074778177182575
176,1,176,1.0,0.02984883238824588,0.011041465824485844,5.222157211156732e-05,4.0963025670964734
177,1,177,1.0,0.029845632351390348,0.011040784591283553,5.222216630727558e-05,4.09666231700911
178,1,178,1.0,0.029842006748756096,0.01103877440884582,5.2204737536537536e-05,4.086875953744061
179,1,179,1.0,0.02983995444055935,0.011039008409549028,5.221201674291433e-05,4.070015489854951
180,1,180,1.0,0.029841604553506814,0.011039308189326882,5.221538906248302e-05,4.073290344762527
181,1,181,1.0,0.029844628586875022,0.011039719051784939,5.2226854566793026e-05,4.0934609532368595
182,1,182,1.0,0.02985114696150726,0.011042127218001928,5.2203645047931235e-05,4.102058733317773
183,1,183,1.0,0.02984222404873265,0.01103859333299164,5.2199969415981604e-05,4.082926521149065
184,1,184,1.0,0.029841777776891898,0.01103881642757318,5.2208813731245206e-05,4.080580495526125
185,1,185,1.0,0.029850225256928438,0.011042063395182291,5.22105229356011e-05,4.08686363493051
186,1,186,1.0,0.029838932733575522,0.011037530874594664,5.218935311689302e-05,4.079902078573389
187,1,187,1.0,0.02983994634043701,0.01103773018437573,5.2223403006286055e-05,4.078868147574741
188,1,188,1.0,0.029846115531294237,0.01103967237064981,5.220808501075142e-05,4.097423855373729
189,1,189,1.0,0.02985052057534719,0.011041377189831857,5.221724873954871e-05,4.095997604390563
190,1,190,1.0,0.029842484458261875,0.011038743801606007,5.2203931044240614e-05,4.075765591823694
191,1,191,1.0,0.029839894532368915,0.011037651151673407,5.2202425725587276e-05,4.065420588918374
192,1,192,1.0,0.02983569050406039,0.011036063389900402,5.221285104998285e-05,4.07711095469308
193,1,193,1.0,0.029854497268773917,0.011042983511574248,5.221283172816569e-05,4.098236685377863
194,1,194,1.0,0.029847427071040118,0.011039786314352965,5.221370271710856e-05,4.09606476693124
195,1,195,1.0,0.029838056883172228,0.011036728695926503,5.220957401026448e-05,4.070364544150865
196,1,196,1.0,0.029840675688084965,0.011037707744500577,5.218697549418994e-05,4.069090284012435
197,1,197,1.0,0.029844545974747224,0.01103898583110581,5.220492239346815e-05,4.074935722141301
198,1,198,1.0,0.02985510143272344,0.011042987016531136,5.219722208972731e-05,4.092309753266139
199,1,199,1.0,0.029851419657675564,0.011041590185246915,5.218724795023881e-05,4.0760191630338864
200,1,200,1.0,0.029841108529223972,0.011037305212428428,5.218420588759628e-05,4.075963984837824
201,2,1,1.0,0.029836049774328754,0.01103583606491741,5.218340108161721e-05,4.062008361939921
202,2,2,1.0,0.029837397091800964,0.01103563951019548,5.2179742088037e-05,4.071933062727966
203,2,3,1.0,0.02984115101106038,0.011036195665343194,5.2150561035658686e-05,4.077448459381927
204,2,4,1.0,0.029878180247133162,0.011049250724988106,5.216048573594575e-05,4.121390511183611
205,2,5,1.0,0.029845719443351,0.011037550559410683,5.217387769254289e-05,4.086966635949379
206,2,6,1.0,0.029847038039058322,0.011037845546363766,5.217039624088627e-05,4.086511793432792
207,2,7,1.0,0.0298546171185359,0.011040533766787276,5.217854314504601e-05,4.101699881078944
208,2,8,1.0,0.029851155385372925,0.011039427308954745,5.214630531420238e-05,4.08658513077296
209,2,9,1.0,0.029847863600364087,0.011038121060428457,5.215473613562637e-05,4.0856409098691895
210,2,10,1.0,0.029853177697158256,0.011039478138980702,5.212751985274315e-05,4.086247336645348
211,2,11,1.0,0.029844816342457097,0.01103609835795867,5.213062373739635e-05,4.079859803299365
212,2,12,1.0,0.029846991918217675,0.011036742764660436,5.213413079246118e-05,4.078135462295619
213,2,13,1.0,0.029865030166562796,0.011043121052603437,5.213210443557396e-05,4.100263910784022
214,2,14,1.0,0.029845627625299388,0.011035934383033687,5.2167359097258e-05,4.078157368077726
215,2,15,1.0,0.029858136554652123,0.011040573429857564,5.2156769184590153e-05,4.0976813764535285
216,2,16,1.0,0.02985149775232346,0.011038001851138906,5.216523520325276e-05,4.092161312670447
217,2,17,1.0,0.029848840589512007,0.011037119857266417,5.215629271773023e-05,4.084825080588958
218,2,18,1.0,0.02985649807432136,0.011039427716507871,5.2131409432106274e-05,4.09358374498577
219,2,19,1.0,0.029859832763176403,0.011040214807559283,5.2121647266434255e-05,4.100576542800963
220,2,20,1.0,0.029847134518111135,0.011035739230294514,5.211970835217788e-05,4.076283831053367
221,2,21,1.0,0.029855808881755496,0.011038857215490097,5.2115628443458044e-05,4.086715989596624
222,2,22,1.0,0.029849347355168563,0.011036399205525717,5.2131991407246425e-05,4.078829563435395
223,2,23,1.0,0.02985889889113388,0.011039732191297743,5.213887629240372e-05,4.097012347948991
224,2,24,1.0,0.029853781668652955,0.011038103445982321,5.215552797676399e-05,4.09149550502235
225,2,25,1.0,0.02985808170842359,0.011039911156026726,5.214432088410332e-05,4.095113654466968
226,2,26,1.0,0.029854796634745183,0.011038753965980986,5.213861071308418e-05,4.089789647882033
227,2,27,1.0,0.029855125129694845,0.011038823608659272,5.214227075027413e-05,4.08912210859723
228,2,28,1.0,0.029852996171044307,0.011038036379039797,5.214920545699673e-05,4.0889135971472514
229,2,29,1.0,0.029853836034949555,0.011038454006879757,5.215463473972337e-05,4.087094656270146
230,2,30,1.0,0.029853851839610597,0.011038440541324452,5.214922669745166e-05,4.08781612690813
231,2,31,1.0,0.029853169489241712,0.011038147013411563,5.215327451134923e-05,4.087663195024713
232,2,32,1.0,0.02985998451919073,0.011040585208142925,5.214008408204897e-05,4.092274160207119
233,2,33,1.0,0.029862446004049168,0.011041426063602805,5.214172256520939e-05,4.096389075338119
234,2,34,1.0,0.029846035612904286,0.011035234011136569,5.213167965361056e-05,4.070334408588189
235,2,35,1.0,0.029854477638238265,0.011038262587327223,5.212475697541824e-05,4.083524234855516
236,2,36,1.0,0.02986242128390167,0.01104069857312064,5.2116567918508296e-05,4.094302553059163
237,2,37,1.0,0.029851683416007725,0.011036634135450054,5.2117754610378954e-05,4.080768765169902
238,2,38,1.0,0.029856353116632338,0.011038089401701577,5.211149404313618e-05,4.089906734844124
239,2,39,1.0,0.029854260805809583,0.011037120558257795,5.2114205344183046e-05,4.08607285931692
240,2,40,1.0,0.02985521579055962,0.011037194871494913,5.210316527660243e-05,4.086855559827566
241,2,41,1.0,0.02985848336163185,0.01103848702683408,5.2114324743468955e-05,4.0918647581005025
242,2,42,1.0,0.02985571589181788,0.011037498628991282,5.2111267654792186e-05,4.087664866918644
243,2,43,1.0,0.029856735769338692,0.011037817849053277,5.2112002090596344e-05,4.089139885400963
244,2,44,1.0,0.029857340462384713,0.011038060245350895,5.2112536717701063e-05,4.088966902723876
245,2,45,1.0,0.0298587807669889,0.011038654099162827,5.2116686968006244e-05,4.0923873572816145
246,2,46,1.0,0.029855245211986025,0.01103735177944868,5.2112889467077796e-05,4.0859073389157565
247,2,47,1.0,0.02985667514627208,0.011037879511841342,5.2112194377062635e-05,4.088155167801476
248,2,48,1.0,0.029859839170288477,0.011039004187298637,5.2111455064725685e-05,4.093056689744555
249,2,49,1.0,0.02985531426160939,0.011037364470653045,5.212032944424237e-05,4.086072462108039
250,2,50,1.0,0.029855282196678,0.011037338354648688,5.211918743890544e-05,4.086106032181755
251,2,51,1.0,0.02985680126865757,0.01103786750532623,5.21147656845724e-05,4.088563840154061
252,2,52,1.0,0.029857506770726638,0.011038131510090624,5.211497985188587e-05,4.0896764448951055
253,2,53,1.0,0.029850593678574996,0.011035673386011368,5.2118062649555457e-05,4.07834579434426
254,2,54,1.0,0.02985788341934846,0.011038310091719667,5.2119892049251714e-05,4.090349451413862
255,2,55,1.0,0.029857181235441274,0.011038073213691385,5.212254489757145e-05,4.089996850756847
256,2,56,1.0,0.029849996189223894,0.011035293448684562,5.2109447210565074e-05,4.0771871830307616
257,2,57,1.0,0.029858459942486613,0.01103827267834264,5.2107244977603356e-05,4.0912221804092255
258,2,58,1.0,0.029857528826562976,0.011038052844186115,5.2109881704192254e-05,4.087930883043488
259,2,59,1.0,0.02985569114531962,0.011037383674556374,5.2110912522328134e-05,4.085581261613189
260,2,60,1.0,0.029855594750861116,0.011037392396193285,5.2113685409772396e-05,4.084241278273165
261,2,61,1.0,0.029856930379465185,0.011037883986774672,5.211732262642626e-05,4.086555620994965
262,2,62,1.0,0.029860090552280234,0.011039027417826856,5.211913353219476e-05,4.0919217952741915
263,2,63,1.0,0.029858851390157117,0.011038569083580604,5.2117816783212926e-05,4.09023687361306
264,2,64,1.0,0.029860949306949942,0.011039339065551757,5.211364911013781e-05,4.093361951543447
265,2,65,1.0,0.029859606208860766,0.011038854338165023,5.211434109801377e-05,4.091715729884455
266,2,66,1.0,0.029855416289381913,0.011037326959463266,5.211791598218797e-05,4.085485160533817
267,2,67,1.0,0.02985664315148865,0.01103774308750772,5.211795941344075e-05,4.087633907190453
268,2,68,1.0,0.029856521411078498,0.011037686568040115,5.21191899086864e-05,4.08770571445985
269,2,69,1.0,0.02985501691993304,0.011037157001658382,5.212230690116611e-05,4.085596581857371
270,2,70,1.0,0.029855436637241686,0.011037306239462306,5.212198171181804e-05,4.085930456899596
271,2,71,1.0,0.029856072134879327,0.011037512575459277,5.212128457686025e-05,4.08757327517038
272,2,72,1.0,0.029857448608811798,0.011038000204624273,5.2121496195886704e-05,4.089508640731026
273,2,73,1.0,0.02985548697620119,0.011037274262843988,5.212146472833976e-05,4.0865252720759795
274,2,74,1.0,0.02985705408967967,0.011037740968231463,5.211508691722334e-05,4.088083901473038
275,2,75,1.0,0.02985823782163571,0.011038141266912476,5.2116142812968036e-05,4.090442429210192
276,2,76,1.0,0.02985872627075239,0.011038330216693064,5.211358539942936e-05,4.090986546001376
277,2,77,1.0,0.02985832643563359,0.011038234792203984,5.211355960012895e-05,4.090306670254417
278,2,78,1.0,0.029856404201999084,0.011037525454138079,5.211377528655716e-05,4.087393785985117
279,2,79,1.0,0.029860916827810186,0.011039142885778704,5.2112772874051276e-05,4.093959024255704
280,2,80,1.0,0.0298592645889816,0.01103854429619944,5.211168722265425e-05,4.091330942655586
281,2,81,1.0,0.02986002411713004,0.011038812449854662,5.210957036744895e-05,4.092232813814369
282,2,82,1.0,0.02985924321026614,0.011038504413050465,5.210891842638285e-05,4.090869057627908
283,2,83,1.0,0.029859194771097,0.011038491632184412,5.2108488158327586e-05,4.090467002061345
284,2,84,1.0,0.029859331252942534,0.011038527994074373,5.2109638298216086e-05,4.090931229728539
285,2,85,1.0,0.029858564092398614,0.011038246790568034,5.211007769449291e-05,4.089730826431396
286,2,86,1.0,0.029857812918850132,0.011037958895039354,5.211108674128466e-05,4.088658675307186
287,2,87,1.0,0.02985697833344849,0.011037654599572858,5.211052393981794e-05,4.087746001031563
288,2,88,1.0,0.029857951661122078,0.011038016164404715,5.2110187707489886e-05,4.089024509928171
289,2,89,1.0,0.029858701932536154,0.011038286942702074,5.210937278407897e-05,4.09010797566125
290,2,90,1.0,0.029858564648620578,0.011038241590190137,5.210936819595442e-05,4.089871092955072
291,2,91,1.0,0.02985930184098646,0.011038484638572758,5.2107625809407904e-05,4.0905692626767625
292,2,92,1.0,0.02985909021050628,0.01103840475815993,5.210843072722481e-05,4.0906955142940085
293,2,93,1.0,0.029858741499622615,0.011038254591134878,5.210854383143534e-05,4.09027250931603
294,2,94,1.0,0.02985923679150785,0.011038419397468241,5.210748629985056e-05,4.090899740455752
295,2,95,1.0,0.029858013356772333,0.011037985011043711,5.210801471818499e-05,4.089033987997782
296,2,96,1.0,0.02985800504231946,0.011037983984009833,5.210851416580561e-05,4.088979588632718
297,2,97,1.0,0.029858893716861068,0.011038306733481905,5.2107390007780114e-05,4.090445132746353
298,2,98,1.0,0.02985812460244129,0.01103802544846494,5.210690206559519e-05,4.0890518060619145
299,2,99,1.0,0.029857752608993815,0.011037893996279463,5.210841530900842e-05,4.08867841982471
300,2,100,1.0,0.029857612963932707,0.011037846932044395,5.2108792384374935e-05,4.088386920672139
301,3,1,1.0,0.02985759024535403,0.01103784716842521,5.211012872358096e-05,4.088735830338771
302,3,2,1.0,0.029857776122451385,0.011037930969499116,5.2109922874915673e-05,4.089022655395767
303,3,3,1.0,0.029857642599951807,0.011037878843454214,5.2110329591207626e-05,4.089131995833933
304,3,4,1.0,0.029856209856133093,0.011037317667251979,5.21107249973525e-05,4.086953139043636
305,3,5,1.0,0.029854957758692575,0.011036819669935439,5.2111343787421304e-05,4.085257619355858
306,3,6,1.0,0.029855874299084185,0.011037135980068108,5.210801908399656e-05,4.0863533012308855
307,3,7,1.0,0.029856749208392663,0.011037451507698776,5.210731681451573e-05,4.087815022503303
308,3,8,1.0,0.029857300193865965,0.01103764659522945,5.210548530711126e-05,4.088619793471018
309,3,9,1.0,0.029857010568764154,0.011037535357679058,5.210524431358844e-05,4.088147596261636
310,3,10,1.0,0.0298575144655191,0.011037710369142712,5.210510438972251e-05,4.089140183244657
311,3,11,1.0,0.02985674436783673,0.011037423329475599,5.2104657149315014e-05,4.087569384066746
312,3,12,1.0,0.029856538689183778,0.011037325524876261,5.210477423381611e-05,4.087658553584307
313,3,13,1.0,0.029857720642171418,0.011037763693393805,5.210393744545109e-05,4.089415930379746
314,3,14,1.0,0.029857937221184908,0.011037842563074877,5.2102184919096844e-05,4.089165156037307
315,3,15,1.0,0.02985688133580698,0.01103741435515575,5.2102503534272306e-05,4.0876319024555565
316,3,16,1.0,0.029856808271824867,0.011037392591818785,5.210310128704914e-05,4.087536889491886
317,3,17,1.0,0.02985744695868624,0.011037625663300864,5.210328980468293e-05,4.088739731177852
318,3,18,1.0,0.029857246074142866,0.011037544886271159,5.2102658657979846e-05,4.088310569221856
319,3,19,1.0,0.02985801207500455,0.011037810708722498,5.2100825712140365e-05,4.0895980103196665
320,3,20,1.0,0.029857512634676422,0.011037619501097589,5.210100152303948e-05,4.0885389734830655
321,3,21,1.0,0.029857587049551104,0.011037641981728057,5.2100858350031615e-05,4.088650786693223
322,3,22,1.0,0.029857427928456328,0.01103758079985268,5.2101983095738586e-05,4.0886465537700305
323,3,23,1.0,0.02985708202845567,0.011037446674118694,5.210222364432684e-05,4.088088541608138
324,3,24,1.0,0.029857247357499117,0.011037510904491458,5.2102076783063994e-05,4.088394987913889
325,3,25,1.0,0.02985712299974096,0.011037455648438544,5.210186794684315e-05,4.08821263697831
326,3,26,1.0,0.029856843603909375,0.011037330904577532,5.210146532101854e-05,4.087640909068116
327,3,27,1.0,0.029857046206780976,0.011037403783227644,5.2100521122119204e-05,4.08775530730307
328,3,28,1.0,0.02985729030623283,0.011037475700052375,5.209930378181888e-05,4.087972473005246
329,3,29,1.0,0.02985758679046746,0.01103757902292105,5.209866108414795e-05,4.088458182592383
330,3,30,1.0,0.02985758102288991,0.011037566600701747,5.209792102308336e-05,4.088421969136198
331,3,31,1.0,0.02985756539131472,0.01103755904466678,5.2097815515719936e-05,4.088464794643237
332,3,32,1.0,0.02985791462434305,0.011037684954129733,5.2096647706016626e-05,4.088848884044401
333,3,33,1.0,0.029858178685069427,0.011037779327131745,5.209649263815435e-05,4.089290098102592
334,3,34,1.0,0.02985821494516165,0.01103778806507078,5.209657982781811e-05,4.0895498655972515
335,3,35,1.0,0.02985831572264469,0.011037827581421942,5.209660823572359e-05,4.0896968169922925
336,3,36,1.0,0.029858211854510035,0.011037773800711347,5.209651228720481e-05,4.089571254000918
337,3,37,1.0,0.029858240925750595,0.01103777732197036,5.2096322720863295e-05,4.089680809203842
338,3,38,1.0,0.029857933030730588,0.011037654216472919,5.209626619429922e-05,4.089219011513013
339,3,39,1.0,0.029857612721783527,0.011037526807214459,5.2096412478826896e-05,4.088713884483811
340,3,40,1.0,0.02985757900937287,0.011037506828960191,5.2096592588549524e-05,4.088843142385135
341,3,41,1.0,0.02985765038385882,0.011037530361077724,5.209640023406684e-05,4.088993479690153
342,3,42,1.0,0.029857673614563787,0.011037535104996119,5.209624253084332e-05,4.0890501419156875
343,3,43,1.0,0.029857653730632476,0.011037523970644699,5.209613018041417e-05,4.0890218282005675
344,3,44,1.0,0.029857682685529748,0.011037528853131156,5.2095804240227646e-05,4.08906554022562
345,3,45,1.0,0.02985770188815199,0.011037537004193689,5.209575116440289e-05,4.089111868738219
346,3,46,1.0,0.02985753375980989,0.01103747490939931,5.2095982318759275e-05,4.088836242092841
347,3,47,1.0,0.029857562908877505,0.011037485033018976,5.209597922431219e-05,4.088889185893118
348,3,48,1.0,0.02985748160180728,0.011037452779264531,5.209596561231936e-05,4.088760797587671
349,3,49,1.0,0.029857538129335528,0.011037470744206355,5.209580102254784e-05,4.088869390645572
350,3,50,1.0,0.029857549244868258,0.011037471428895608,5.209579447255032e-05,4.088883773789227
351,3,51,1.0,0.029857651800150865,0.011037508842272637,5.209571583347302e-05,4.089086003024469
352,3,52,1.0,0.029857743496774437,0.011037542277931148,5.209572478855398e-05,4.0892706216058015
353,3,53,1.0,0.029857675148365927,0.011037510831131895,5.209572634943688e-05,4.089155847567963
354,3,54,1.0,0.02985763342886588,0.011037490600194686,5.209569241659182e-05,4.089116523831326
355,3,55,1.0,0.029857523796279768,0.011037444171742496,5.2095534960148555e-05,4.08894849878474
356,3,56,1.0,0.029857505289699257,0.011037437455266969,5.209550363168163e-05,4.088916717546044
357,3,57,1.0,0.029857613987602335,0.011037474452939807,5.209519381191145e-05,4.089122840874188
358,3,58,1.0,0.029857631490863675,0.011037480069021893,5.209521868359576e-05,4.089157343471657
359,3,59,1.0,0.029857634954634078,0.011037479588109203,5.209511156464312e-05,4.089182185954283
360,3,60,1.0,0.02985760328437391,0.011037466782789964,5.209503842298484e-05,4.089122275332871
361,3,61,1.0,0.029857608484835516,0.011037468070657844,5.20950073729799e-05,4.089120415164525
362,3,62,1.0,0.02985761598816052,0.011037470915378668,5.209498146324961e-05,4.089127080075422
363,3,63,1.0,0.02985760725643572,0.011037468021751469,5.209504214347958e-05,4.0891174977223645
364,3,64,1.0,0.029857555388068172,0.01103744726914626,5.209508400252977e-05,4.08904298917016
365,3,65,1.0,0.029857544964817524,0.011037443307729869,5.209505321840402e-05,4.089032971756624
366,3,66,1.0,0.029857602403312113,0.01103746542156252,5.209505833885763e-05,4.089139357212623
367,3,67,1.0,0.029857548965453482,0.011037444041325496,5.209505727641466e-05,4.089031503569264
368,3,68,1.0,0.029857543426895842,0.01103744189759605,5.209506432162948e-05,4.089035141673673
369,3,69,1.0,0.029857514317954102,0.011037431064833942,5.2095120561357896e-05,4.088988399919619
370,3,70,1.0,0.029857511326606436,0.011037430510561691,5.209514084008094e-05,4.089005960492202
371,3,71,1.0,0.029857449213584936,0.011037406432322967,5.2095121675916e-05,4.088917250870504
372,3,72,1.0,0.029857448937422846,0.011037407255580283,5.209516436795305e-05,4.088930016219632
373,3,73,1.0,0.02985745955129154,0.01103741094801161,5.209513645076012e-05,4.08895005079398
374,3,74,1.0,0.02985747932944133,0.011037416939042572,5.20950875149994e-05,4.088976297705052
375,3,75,1.0,0.029857455566073655,0.011037407100710094,5.209504648555892e-05,4.088935337507613
376,3,76,1.0,0.029857455202540115,0.01103740615518684,5.209500792744903e-05,4.088925979163586
377,3,77,1.0,0.029857451353021376,0.01103740402775952,5.209496671394747e-05,4.08892083362491
378,3,78,1.0,0.029857456548020432,0.011037404981433836,5.2094925238538115e-05,4.088931921985325
379,3,79,1.0,0.029857446558730197,0.011037403530544705,5.209497299852761e-05,4.088932921295667
380,3,80,1.0,0.029857432086679257,0.01103739778404562,5.20949643775189e-05,4.088913944361937
381,3,81,1.0,0.029857439260477295,0.01103739991147294,5.209494222150572e-05,4.0889271197169315
382,3,82,1.0,0.029857458355638057,0.01103740708440797,5.209494010843995e-05,4.088962869278082
383,3,83,1.0,0.029857434677078836,0.01103739827310937,5.2094943970810915e-05,4.088924290968135
384,3,84,1.0,0.029857437380826506,0.011037399634336814,5.209494265392677e-05,4.08893100393496
385,3,85,1.0,0.029857436658676906,0.011037399340898563,5.209493311574581e-05,4.088930231567014
386,3,86,1.0,0.02985742406037467,0.011037394596980167,5.2094934690507995e-05,4.088904898950447
387,3,87,1.0,0.02985742734727495,0.011037395575107672,5.209491459210345e-05,4.088907493575367
388,3,88,1.0,0.029857429533724486,0.011037396365760737,5.209491330011031e-05,4.088912258596081
389,3,89,1.0,0.02985742353722309,0.01103739444210998,5.209491910569064e-05,4.088902649827863
390,3,90,1.0,0.02985743041203643,0.011037397286830805,5.209491209385725e-05,4.088915706548753
391,3,91,1.0,0.029857429769470218,0.011037397058601054,5.2094917209504785e-05,4.088914062519822
392,3,92,1.0,0.029857431319070857,0.011037397515060556,5.2094907920033785e-05,4.088916928557009
393,3,93,1.0,0.029857426371877993,0.011037395689222547,5.209490977052954e-05,4.088906268749776
394,3,94,1.0,0.029857428140420923,0.011037396251645862,5.209490762148296e-05,4.088909503565003
395,3,95,1.0,0.029857426562390144,0.011037395648467235,5.209490030958911e-05,4.088903533285426
396,3,96,1.0,0.02985743445788921,0.01103739888443906,5.2094914114635935e-05,4.088920281547363
397,3,97,1.0,0.02985743418504734,0.011037398566547622,5.209489724685871e-05,4.088920406662024
398,3,98,1.0,0.0298574304917438,0.011037397140111678,5.2094884880883214e-05,4.088914503394157
399,3,99,1.0,0.029857421276884424,0.011037393406925038,5.209486915219662e-05,4.088896175687462
400,3,100,1.0,0.02985741770013508,0.011037391890827407,5.2094873364457285e-05,4.088892301012412
401,4,1,1.0,0.02985741524650366,0.011037390782282903,5.209486722396913e-05,4.088885820049314
402,4,2,1.0,0.02985741821777177,0.011037391752259344,5.2094862641151484e-05,4.088891076700099
403,4,3,1.0,0.029857419022341788,0.011037392249474158,5.209486441859664e-05,4.088893509094031
404,4,4,1.0,0.029857418823320846,0.011037391972338032,5.209486382316725e-05,4.088892764767268
405,4,5,1.0,0.02985741837135653,0.01103739186637422,5.2094862077680834e-05,4.0888907985482215
406,4,6,1.0,0.0298574198668667,0.011037392298380534,5.2094859688690386e-05,4.088893497500154
407,4,7,1.0,0.029857421018392342,0.011037392657027285,5.209486035953945e-05,4.088895342943712
408,4,8,1.0,0.029857422747126956,0.01103739338247185,5.209486082601127e-05,4.0888990387758355
409,4,9,1.0,0.02985742019672617,0.011037392379891158,5.2094854636970005e-05,4.088892064396656
410,4,10,1.0,0.029857423449389502,0.011037393594399477,5.209485160193249e-05,4.088899104105034
411,4,11,1.0,0.029857424839710812,0.011037394083463228,5.2094851298523665e-05,4.088902723625679
412,4,12,1.0,0.02985742640071299,0.011037394515469543,5.2094850562043554e-05,4.088907532994818
413,4,13,1.0,0.029857424683368595,0.011037393953046228,5.209484788443152e-05,4.088903157541173
414,4,14,1.0,0.029857424177313234,0.011037393724816477,5.20948478097322e-05,4.0889025546568165
415,4,15,1.0,0.029857422892247954,0.011037392974918724,5.209484341242531e-05,4.088899050672228
416,4,16,1.0,0.02985742168381749,0.011037392591818785,5.209484305042986e-05,4.088897884325384
417,4,17,1.0,0.029857420458380742,0.011037392184265658,5.209484180327768e-05,4.0888960319232055
418,4,18,1.0,0.02985741928986009,0.011037391776712532,5.209484197351347e-05,4.088893986459349
419,4,19,1.0,0.029857417646482608,0.011037391173533905,5.209484272464926e-05,4.088891282667597
420,4,20,1.0,0.029857416944129914,0.011037390831189278,5.209484401091823e-05,4.088890457487084
421,4,21,1.0,0.029857415437128366,0.0110373904562404,5.209484291788921e-05,4.088887753699996
422,4,22,1.0,0.029857415039108916,0.011037390358427651,5.20948426977811e-05,4.088887310815194
423,4,23,1.0,0.029857414629744474,0.0110373901301979,5.2094842128623806e-05,4.088887118559058
424,4,24,1.0,0.02985741399850035,0.0110373900649894,5.209484095253513e-05,4.088886186212854
425,4,25,1.0,0.02985741421457256,0.01103739003238515,5.2094840378171585e-05,4.08888639278476
426,4,26,1.0,0.029857414632558227,0.0110373901301979,5.209484047805394e-05,4.088887079341628
427,4,27,1.0,0.02985741473488809,0.01103739022801065,5.2094841231724017e-05,4.088886991026815
428,4,28,1.0,0.02985741407235527,0.011037390048687274,5.209483955875811e-05,4.08888623964531
429,4,29,1.0,0.029857415289328563,0.011037390276917025,5.2094840951078765e-05,4.0888873806806885
430,4,30,1.0,0.02985741613659985,0.011037390602959527,5.209484099926539e-05,4.088888838682475
431,4,31,1.0,0.029857417282498157,0.011037391018663717,5.209484223031788e-05,4.088892630076708
432,4,32,1.0,0.029857418092796944,0.011037391369159405,5.2094843049123546e-05,4.0888932008985694
433,4,33,1.0,0.02985741843395643,0.011037391629993407,5.209484342335542e-05,4.088893453443422
434,4,34,1.0,0.029857418729645976,0.011037391646295532,5.209484312164426e-05,4.088894141918164
435,4,35,1.0,0.029857417836916082,0.011037391369159405,5.209484334780725e-05,4.088892555674288
436,4,36,1.0,0.029857417225570754,0.01103739105941903,5.2094844022660925e-05,4.08889206671543
437,4,37,1.0,0.02985741640674071,0.011037390684470152,5.209484098752262e-05,4.088890826272671
438,4,38,1.0,0.029857417703275033,0.011037391092023278,5.209484250381886e-05,4.0888919529947
439,4,39,1.0,0.029857417652110106,0.011037391149080717,5.209484026932177e-05,4.088891742087132
440,4,40,1.0,0.029857417083443458,0.011037390847491403,5.2094837487948904e-05,4.088890876983208
441,4,41,1.0,0.02985741804446827,0.011037391328404093,5.2094839882498543e-05,4.088892208059813
442,4,42,1.0,0.029857418249184208,0.011037391442518968,5.2094838813195836e-05,4.088892544181237
443,4,43,1.0,0.0298574182833204,0.01103739148327428,5.2094839966280415e-05,4.088892708713397
444,4,44,1.0,0.029857418416961445,0.011037391466972156,5.209484013735328e-05,4.0888926348150765
445,4,45,1.0,0.02985741852782253,0.011037391662597656,5.20948395985851e-05,4.08889293161822
446,4,46,1.0,0.02985741905378797,0.011037391825618907,5.209483979157243e-05,4.088893328128737
447,4,47,1.0,0.02985741847661261,0.011037391532180656,5.209483941189345e-05,4.0888924719967745
448,4,48,1.0,0.029857418547743746,0.011037391466972156,5.209483752705338e-05,4.088892509601264
449,4,49,1.0,0.029857418047315763,0.01103739128764878,5.2094836944215416e-05,4.088892242740602
450,4,50,1.0,0.029857417885267256,0.011037391214289217,5.2094836635967787e-05,4.088891874156399
451,4,51,1.0,0.029857418342994064,0.01103739135285728,5.2094836822659466e-05,4.088892565050205
452,4,52,1.0,0.029857418286179143,0.011037391401763656,5.2094836841546525e-05,4.088892572107349
453,4,53,1.0,0.02985741859325867,0.011037391597389156,5.2094836741905e-05,4.0888929780945364
454,4,54,1.0,0.029857419181779015,0.011037391793014656,5.2094837831184184e-05,4.088893367547915
455,4,55,1.0,0.02985741933246003,0.011037391890827407,5.209483818241216e-05,4.088893483587501
456,4,56,1.0,0.029857419810164272,0.011037391972338032,5.209483784401647e-05,4.088894192830416
457,4,57,1.0,0.029857419167575283,0.011037391809316783,5.2094837104875855e-05,4.0888933510140255
458,4,58,1.0,0.029857419033922996,0.01103739174410828,5.209483706710174e-05,4.088893385997296
459,4,59,1.0,0.029857419417761148,0.011037391907129532,5.20948371782452e-05,4.088893877577706
460,4,60,1.0,0.029857419195960248,0.01103739173595722,5.2094837099669604e-05,4.088893596905033
461,4,61,1.0,0.0298574189003157,0.011037391711504032,5.2094837446539835e-05,4.0888931309320355
462,4,62,1.0,0.029857418866168255,0.011037391662597656,5.2094835771395355e-05,4.088893277216505
463,4,63,1.0,0.029857419130580348,0.011037391654446593,5.209483698114103e-05,4.088893420678104
464,4,64,1.0,0.02985741920739522,0.011037391825618907,5.209483539934241e-05,4.088893536919335
465,4,65,1.0,0.029857419033934244,0.01103739174410828,5.209483514557706e-05,4.0888930799189875
466,4,66,1.0,0.029857418968543097,0.01103739167889978,5.209483544014387e-05,4.088893288608738
467,4,67,1.0,0.029857419016849275,0.01103739173595722,5.209483518226173e-05,4.088893422996879
468,4,68,1.0,0.029857419022566764,0.01103739167074872,5.2094834785026044e-05,4.088893437010352
469,4,69,1.0,0.029857419139167826,0.011037391695201907,5.209483610373628e-05,4.0888933604907685
470,4,70,1.0,0.029857419005459292,0.011037391793014656,5.2094836955958294e-05,4.088893325910783
471,4,71,1.0,0.02985741905666921,0.011037391711504032,5.209483596958897e-05,4.0888933256083195
472,4,72,1.0,0.02985741925856014,0.011037391793014656,5.209483603145638e-05,4.088893114902253
473,4,73,1.0,0.02985741898840807,0.01103739173595722,5.209483635011649e-05,4.0888934509230035
474,4,74,1.0,0.029857419127744103,0.01103739180116572,5.209483518444062e-05,4.088893413721778
475,4,75,1.0,0.029857419153304067,0.011037391809316783,5.209483682290041e-05,4.088893831303013
476,4,76,1.0,0.02985741930398508,0.011037391858223156,5.209483517184925e-05,4.088893455863019
477,4,77,1.0,0.029857419653810766,0.011037391841921032,5.209483598326978e-05,4.08889372000178
478,4,78,1.0,0.0298574194802823,0.011037391923431658,5.209483586583064e-05,4.088894111673253
479,4,79,1.0,0.02985741939217869,0.011037391890827407,5.209483565722454e-05,4.088893543674018
480,4,80,1.0,0.02985741929266259,0.011037391793014656,5.209483380386298e-05,4.088893448402586
481,4,81,1.0,0.029857419193124003,0.011037391841921032,5.20948343270124e-05,4.0888935831940225
482,4,82,1.0,0.02985741917887528,0.011037391784863595,5.20948343029191e-05,4.088893963674878
483,4,83,1.0,0.02985741924149767,0.011037391825618907,5.2094835149934844e-05,4.0888934047491405
484,4,84,1.0,0.029857419224367708,0.011037391760410407,5.209483529558408e-05,4.088893691974829
485,4,85,1.0,0.029857419133405345,0.011037391858223156,5.2094835763161754e-05,4.0888933720846445
486,4,86,1.0,0.02985741932395129,0.011037391760410407,5.20948355156921e-05,4.08889341846015
487,4,87,1.0,0.029857419309702565,0.011037391858223156,5.209483598847602e-05,4.0888935064727905
488,4,88,1.0,0.029857419230085194,0.011037391793014656,5.2094835665699115e-05,4.088893427533608
489,4,89,1.0,0.02985741926421014,0.011037391858223156,5.209483575577663e-05,4.088893353635265
490,4,90,1.0,0.029857419193079004,0.011037391841921032,5.209483364671184e-05,4.088893669291181
491,4,91,1.0,0.02985741948316354,0.011037391809316783,5.20948359528808e-05,4.088893441647903
492,4,92,1.0,0.029857419252820157,0.011037391890827407,5.209483543299972e-05,4.088893578254007
493,4,93,1.0,0.029857419454756087,0.011037391825618907,5.209483469083175e-05,4.088893432473623
494,4,94,1.0,0.029857419380788706,0.011037391858223156,5.209483521071281e-05,4.088893566861773
495,4,95,1.0,0.029857419576984644,0.011037391874525283,5.2094834369992754e-05,4.088893852171994
496,4,96,1.0,0.02985741948597729,0.011037391874525283,5.2094836347089124e-05,4.088893882013614
497,4,97,1.0,0.029857419466056075,0.011037391841921032,5.2094833898298287e-05,4.088893713146274
498,4,98,1.0,0.029857419417727397,0.011037391939733783,5.209483493394362e-05,4.088893912258522
499,4,99,1.0,0.02985741939782868,0.011037391956035907,5.209483533553709e-05,4.088893469574028
500,4,100,1.0,0.0298574196054146,0.011037391825618907,5.209483450631896e-05,4.088893766074827
