train,"{'mae': 0.01401065569370985, 'rmse': 0.020205030217766762}","{'mae': 0.038643188774585724, 'rmse': 0.06266650557518005}"
val,"{'mae': 0.010379141196608543, 'rmse': 0.010659251362085342}","{'mae': 0.02880062721669674, 'rmse': 0.04482176527380943}"
train,"{'mae': 0.011187306605279446, 'rmse': 0.012235119938850403}","{'mae': 0.023045437410473824, 'rmse': 0.03496985137462616}"
val,"{'mae': 0.011111706495285034, 'rmse': 0.011630781926214695}","{'mae': 0.01925298571586609, 'rmse': 0.028772493824362755}"
train,"{'mae': 0.01114733051508665, 'rmse': 0.011518720537424088}","{'mae': 0.018295982852578163, 'rmse': 0.027370048686861992}"
val,"{'mae': 0.011641128920018673, 'rmse': 0.011994900181889534}","{'mae': 0.019755110144615173, 'rmse': 0.029205860570073128}"
train,"{'mae': 0.010755498893558979, 'rmse': 0.011119191534817219}","{'mae': 0.017210282385349274, 'rmse': 0.025738900527358055}"
val,"{'mae': 0.01058198232203722, 'rmse': 0.010921373032033443}","{'mae': 0.01591307856142521, 'rmse': 0.02385888621211052}"
train,"{'mae': 0.01052400004118681, 'rmse': 0.013191201724112034}","{'mae': 0.017038488760590553, 'rmse': 0.025765135884284973}"
val,"{'mae': 0.012609335593879223, 'rmse': 0.012628636322915554}","{'mae': 0.013631928712129593, 'rmse': 0.02002708427608013}"
train,"{'mae': 0.010428755544126034, 'rmse': 0.01289393100887537}","{'mae': 0.010980811901390553, 'rmse': 0.016236981377005577}"
val,"{'mae': 0.010340671055018902, 'rmse': 0.01216952595859766}","{'mae': 0.009090013802051544, 'rmse': 0.012972377240657806}"
train,"{'mae': 0.005945392418652773, 'rmse': 0.00743471272289753}","{'mae': 0.007803396787494421, 'rmse': 0.011130803264677525}"
val,"{'mae': 0.0033625357318669558, 'rmse': 0.004102315753698349}","{'mae': 0.007366337813436985, 'rmse': 0.010484730824828148}"
train,"{'mae': 0.005746956914663315, 'rmse': 0.00728685362264514}","{'mae': 0.007062871940433979, 'rmse': 0.01004425622522831}"
val,"{'mae': 0.004656240344047546, 'rmse': 0.0058954390697181225}","{'mae': 0.007141137029975653, 'rmse': 0.010201344266533852}"
train,"{'mae': 0.007555785588920116, 'rmse': 0.009892736561596394}","{'mae': 0.00715553667396307, 'rmse': 0.010254022665321827}"
val,"{'mae': 0.006164101883769035, 'rmse': 0.00689813494682312}","{'mae': 0.007622359320521355, 'rmse': 0.01082543097436428}"
train,"{'mae': 0.007484070491045713, 'rmse': 0.009534960612654686}","{'mae': 0.0070414249785244465, 'rmse': 0.010079624131321907}"
val,"{'mae': 0.015411562286317348, 'rmse': 0.01563415490090847}","{'mae': 0.007532922551035881, 'rmse': 0.010816412046551704}"
train,"{'mae': 0.0031785552855581045, 'rmse': 0.004226722754538059}","{'mae': 0.006122699938714504, 'rmse': 0.008714760653674603}"
val,"{'mae': 0.001253556925803423, 'rmse': 0.0013435016153380275}","{'mae': 0.005766067188233137, 'rmse': 0.00817773025482893}"
train,"{'mae': 0.0019876286387443542, 'rmse': 0.0025100517086684704}","{'mae': 0.0059480685740709305, 'rmse': 0.008474242873489857}"
val,"{'mae': 0.0032683408353477716, 'rmse': 0.0032837335020303726}","{'mae': 0.005871088709682226, 'rmse': 0.008436077274382114}"
train,"{'mae': 0.0029074286576360464, 'rmse': 0.0037452976685017347}","{'mae': 0.006214163266122341, 'rmse': 0.00891106016933918}"
val,"{'mae': 0.0014340225607156754, 'rmse': 0.001494022784754634}","{'mae': 0.006860856898128986, 'rmse': 0.009720812551677227}"
train,"{'mae': 0.0029425746761262417, 'rmse': 0.003706652205437422}","{'mae': 0.006344120018184185, 'rmse': 0.009089576080441475}"
val,"{'mae': 0.0011588180204853415, 'rmse': 0.0014222929021343589}","{'mae': 0.006537457462400198, 'rmse': 0.009278482757508755}"
train,"{'mae': 0.0018290061270818114, 'rmse': 0.002290302887558937}","{'mae': 0.005597981624305248, 'rmse': 0.007985417731106281}"
val,"{'mae': 0.0019127470441162586, 'rmse': 0.002005385933443904}","{'mae': 0.005710471887141466, 'rmse': 0.008242743089795113}"
train,"{'mae': 0.0020866738632321358, 'rmse': 0.00260227476246655}","{'mae': 0.005529350135475397, 'rmse': 0.007896563038229942}"
val,"{'mae': 0.002131509128957987, 'rmse': 0.002139747142791748}","{'mae': 0.005340903531759977, 'rmse': 0.007573611568659544}"
train,"{'mae': 0.002696919720619917, 'rmse': 0.003529073903337121}","{'mae': 0.005836127325892448, 'rmse': 0.008388655260205269}"
val,"{'mae': 0.002828737488016486, 'rmse': 0.003507627174258232}","{'mae': 0.0054998029954731464, 'rmse': 0.007932541891932487}"
train,"{'mae': 0.003380204550921917, 'rmse': 0.004355119541287422}","{'mae': 0.0059872278943657875, 'rmse': 0.008601700887084007}"
val,"{'mae': 0.004103899002075195, 'rmse': 0.004377337638288736}","{'mae': 0.005748249124735594, 'rmse': 0.008191949687898159}"
train,"{'mae': 0.0019497580360621214, 'rmse': 0.002486755372956395}","{'mae': 0.005335871130228043, 'rmse': 0.007630868814885616}"
val,"{'mae': 0.0019180041272193193, 'rmse': 0.0025068314280360937}","{'mae': 0.005693356040865183, 'rmse': 0.00807270035147667}"
train,"{'mae': 0.0019783887546509504, 'rmse': 0.002551235491409898}","{'mae': 0.005277136340737343, 'rmse': 0.007543608546257019}"
val,"{'mae': 0.00016076743486337364, 'rmse': 0.00020885876438114792}","{'mae': 0.005197302438318729, 'rmse': 0.0074679008685052395}"
train,"{'mae': 0.001185312052257359, 'rmse': 0.0015189365949481726}","{'mae': 0.004931567702442408, 'rmse': 0.0070553491823375225}"
val,"{'mae': 0.00044181945850141346, 'rmse': 0.0005033926572650671}","{'mae': 0.004950621630996466, 'rmse': 0.007088609039783478}"
train,"{'mae': 0.0012155965669080615, 'rmse': 0.0015482374001294374}","{'mae': 0.004868004005402327, 'rmse': 0.006966555956751108}"
val,"{'mae': 0.0012142370687797666, 'rmse': 0.001258690725080669}","{'mae': 0.005029439460486174, 'rmse': 0.007172462530434132}"
train,"{'mae': 0.0007902686484158039, 'rmse': 0.0010196007788181305}","{'mae': 0.0046927183866500854, 'rmse': 0.006722608115524054}"
val,"{'mae': 0.000334862619638443, 'rmse': 0.00036838988307863474}","{'mae': 0.004695826210081577, 'rmse': 0.006779199466109276}"
train,"{'mae': 0.0008050781907513738, 'rmse': 0.0010350685333833098}","{'mae': 0.004666158929467201, 'rmse': 0.006683908402919769}"
val,"{'mae': 0.0015637562610208988, 'rmse': 0.0017706198850646615}","{'mae': 0.004651700612157583, 'rmse': 0.006712515372782946}"
train,"{'mae': 0.0005559925339184701, 'rmse': 0.0007296149851754308}","{'mae': 0.004557912237942219, 'rmse': 0.006535989698022604}"
val,"{'mae': 0.00019510017591528594, 'rmse': 0.00024423134163953364}","{'mae': 0.004536965861916542, 'rmse': 0.006537978071719408}"
train,"{'mae': 0.0005342527292668819, 'rmse': 0.0006897281855344772}","{'mae': 0.004552415572106838, 'rmse': 0.0065263183787465096}"
val,"{'mae': 0.0007913843146525323, 'rmse': 0.0008275946602225304}","{'mae': 0.004507304169237614, 'rmse': 0.006500178016722202}"
train,"{'mae': 0.0003496880817692727, 'rmse': 0.00044511983287520707}","{'mae': 0.004480264615267515, 'rmse': 0.0064286161214113235}"
val,"{'mae': 0.00037363910814747214, 'rmse': 0.00040717297815717757}","{'mae': 0.004467010032385588, 'rmse': 0.006446934305131435}"
train,"{'mae': 0.0003856570110656321, 'rmse': 0.00048395985504612327}","{'mae': 0.004469757433980703, 'rmse': 0.006414133124053478}"
val,"{'mae': 0.00023227895144373178, 'rmse': 0.000282594992313534}","{'mae': 0.0044387090019881725, 'rmse': 0.006407235749065876}"
train,"{'mae': 0.00027117918943986297, 'rmse': 0.00034657365176826715}","{'mae': 0.004435417242348194, 'rmse': 0.006367966532707214}"
val,"{'mae': 0.00014303697389550507, 'rmse': 0.00018245632236357778}","{'mae': 0.004419162403792143, 'rmse': 0.006379480939358473}"
train,"{'mae': 0.00027789580053649843, 'rmse': 0.00035271409433335066}","{'mae': 0.004432191140949726, 'rmse': 0.006362015847116709}"
val,"{'mae': 0.0004405583022162318, 'rmse': 0.0004713293456006795}","{'mae': 0.004414422437548637, 'rmse': 0.0063721416518092155}"
train,"{'mae': 0.00019122424419037998, 'rmse': 0.00024111472885124385}","{'mae': 0.004411127883940935, 'rmse': 0.006334322039037943}"
val,"{'mae': 0.00031438173027709126, 'rmse': 0.000374267459847033}","{'mae': 0.004390645306557417, 'rmse': 0.006343419663608074}"
train,"{'mae': 0.0001903028751257807, 'rmse': 0.00023906765272840858}","{'mae': 0.004407729022204876, 'rmse': 0.0063298549503088}"
val,"{'mae': 0.0001871617278084159, 'rmse': 0.00023725873325020075}","{'mae': 0.0043916599825024605, 'rmse': 0.006345822941511869}"
train,"{'mae': 0.00016072732978500426, 'rmse': 0.00020194360695313662}","{'mae': 0.0043977475725114346, 'rmse': 0.006316922605037689}"
val,"{'mae': 0.00021353000192902982, 'rmse': 0.0002549953933339566}","{'mae': 0.004382519517093897, 'rmse': 0.006332789547741413}"
train,"{'mae': 0.00016254407819360495, 'rmse': 0.00020391082216519862}","{'mae': 0.004396792966872454, 'rmse': 0.006315171718597412}"
val,"{'mae': 0.00013194081839174032, 'rmse': 0.0001705648610368371}","{'mae': 0.004385549575090408, 'rmse': 0.00633529108017683}"
train,"{'mae': 0.0001461152860429138, 'rmse': 0.00018379544781055301}","{'mae': 0.004391671158373356, 'rmse': 0.006308433134108782}"
val,"{'mae': 0.00018333879415877163, 'rmse': 0.00022421363973990083}","{'mae': 0.004376707598567009, 'rmse': 0.006324735004454851}"
train,"{'mae': 0.00014635011029895395, 'rmse': 0.00018438776896800846}","{'mae': 0.0043913028202950954, 'rmse': 0.006307853385806084}"
val,"{'mae': 0.00012733772746287286, 'rmse': 0.00016474464791826904}","{'mae': 0.004375849850475788, 'rmse': 0.006322742905467749}"
train,"{'mae': 0.0001376360742142424, 'rmse': 0.0001733981625875458}","{'mae': 0.004388593602925539, 'rmse': 0.0063042244873940945}"
val,"{'mae': 0.00017350568668916821, 'rmse': 0.000213964085560292}","{'mae': 0.004374493844807148, 'rmse': 0.006318940315395594}"
train,"{'mae': 0.00013817758008372039, 'rmse': 0.00017440476221963763}","{'mae': 0.0043884702026844025, 'rmse': 0.006303879898041487}"
val,"{'mae': 0.00013827702787239105, 'rmse': 0.0001761450112098828}","{'mae': 0.0043762861751019955, 'rmse': 0.006321463268250227}"
train,"{'mae': 0.00013379559095483273, 'rmse': 0.00016903821961022913}","{'mae': 0.004387209191918373, 'rmse': 0.006302101071923971}"
val,"{'mae': 0.00012890053039882332, 'rmse': 0.00016669653996359557}","{'mae': 0.0043745203875005245, 'rmse': 0.006319351959973574}"
train,"{'mae': 0.00013306803884916008, 'rmse': 0.0001681254361756146}","{'mae': 0.004386950749903917, 'rmse': 0.006301829591393471}"
val,"{'mae': 0.00013423312339000404, 'rmse': 0.00017327061505056918}","{'mae': 0.004372838418930769, 'rmse': 0.0063179656863212585}"
train,"{'mae': 0.0001270195934921503, 'rmse': 0.00016097120533231646}","{'mae': 0.004399968311190605, 'rmse': 0.006319543346762657}"
val,"{'mae': 0.00012345839058980346, 'rmse': 0.0001601316616870463}","{'mae': 0.004386268090456724, 'rmse': 0.006339342799037695}"
train,"{'mae': 0.00012587975652422756, 'rmse': 0.0001591329200891778}","{'mae': 0.004401673562824726, 'rmse': 0.006321876775473356}"
val,"{'mae': 0.00012119390157749876, 'rmse': 0.00015750984312035143}","{'mae': 0.004388941917568445, 'rmse': 0.006341957021504641}"
train,"{'mae': 0.00012179953046143055, 'rmse': 0.000154343550093472}","{'mae': 0.004403053317219019, 'rmse': 0.006323029287159443}"
val,"{'mae': 0.00012141354090999812, 'rmse': 0.00015781958063598722}","{'mae': 0.004387568682432175, 'rmse': 0.006340163294225931}"
train,"{'mae': 0.00012271475861780345, 'rmse': 0.0001554094342282042}","{'mae': 0.0044029466807842255, 'rmse': 0.006322934292256832}"
val,"{'mae': 0.00012073283141944557, 'rmse': 0.000156852271175012}","{'mae': 0.004389728419482708, 'rmse': 0.006343066226691008}"
train,"{'mae': 0.00012056378182023764, 'rmse': 0.0001529017317807302}","{'mae': 0.004402933642268181, 'rmse': 0.006323029287159443}"
val,"{'mae': 0.00012036602856824175, 'rmse': 0.00015615559823345393}","{'mae': 0.004388750065118074, 'rmse': 0.006341251078993082}"
train,"{'mae': 0.00012115341087337583, 'rmse': 0.00015353424532804638}","{'mae': 0.0044027455151081085, 'rmse': 0.006322568282485008}"
val,"{'mae': 0.0001209864640259184, 'rmse': 0.00015694017929490656}","{'mae': 0.004389193374663591, 'rmse': 0.006342024076730013}"
train,"{'mae': 0.00012010630598524585, 'rmse': 0.00015238994092214853}","{'mae': 0.00440272456035018, 'rmse': 0.006322700064629316}"
val,"{'mae': 0.00011991646169917658, 'rmse': 0.00015576496662106365}","{'mae': 0.004388920962810516, 'rmse': 0.006341773085296154}"
