global_epoch,stage,stage_epoch,lr_weight,std_q,mean_abs_q,std_q_dipole,std_q_quadrupole,f_long_over_f_total,e_long_over_e_total
1,1,1,1.0,0.08833698781481264,0.03810749256101429,0.026376188504296277,0.006100826889559239,3.5758473423947775e-05,2.9655435196584863
2,1,2,1.0,0.09508636016554019,0.04806662958911342,0.033640393385696944,0.01940293617169413,6.021885077183647e-05,3.8240912007383416
3,1,3,1.0,0.09649748752329239,0.05034143861949953,0.03308357923715407,0.023964786305866,5.7970115978338474e-05,3.765976781551247
4,1,4,1.0,0.09676255762021536,0.05064463939829769,0.031865820176562504,0.02444039508204588,5.410194353335055e-05,3.5254548888002377
5,1,5,1.0,0.09737264861468282,0.04939442313430656,0.02822791639351621,0.022363558623029245,5.222936909085015e-05,3.6213139292031036
6,1,6,1.0,0.09781614194311475,0.04919318644205729,0.027136663836934277,0.02177887829114085,4.5579146192040046e-05,3.855006053484534
7,1,7,1.0,0.09814037009558717,0.0488665511954544,0.02568396646966132,0.021742356111095228,4.403252931545634e-05,3.502907689247379
8,1,8,1.0,0.09890306447749479,0.048920457497621195,0.025595667764602717,0.021285593669582183,4.169358320995879e-05,3.839186128407542
9,1,9,1.0,0.09946430584232638,0.049382613418448684,0.027094951769560845,0.021398577560115137,4.2499984294946304e-05,3.822081572792454
10,1,10,1.0,0.09995796002198894,0.04979703668447641,0.02957040242815655,0.020685040519004237,4.185033803154227e-05,3.7328989486270348
11,1,11,1.0,0.10040479907407687,0.04961774620643029,0.02855043346851188,0.020732038231690644,4.0175729638276976e-05,3.4760945904043665
12,1,12,1.0,0.10091582134905033,0.049309291154910354,0.027757330046762972,0.0201977996134711,3.958393721546211e-05,3.9519717813874955
13,1,13,1.0,0.10111513725294524,0.04893839068290515,0.026973881690560343,0.019931668942274328,4.080049905699612e-05,3.6042107312782954
14,1,14,1.0,0.10159853406560634,0.04926489994668553,0.029049788085836793,0.019050562838271386,3.877261384897759e-05,3.377654869285423
15,1,15,1.0,0.10221494450903444,0.0493481806893634,0.02972724740243751,0.018382187126930797,3.9386907513807184e-05,3.8666131863336664
16,1,16,1.0,0.10223110776592546,0.048669678908128004,0.028225315941043883,0.017620944540408377,3.4738516603848795e-05,3.5744594258767024
17,1,17,1.0,0.1026003795062766,0.04898528544108073,0.028625086262600408,0.01817547678530446,3.436460090118535e-05,3.66305874906466
18,1,18,1.0,0.10283645839747466,0.04861217211861896,0.027681399276103604,0.01719786354878105,3.0354336568129304e-05,3.1070912713080334
19,1,19,1.0,0.10316432435176219,0.048353594755515074,0.02803805485096837,0.016071007351892288,2.895278737381177e-05,3.7666891720223603
20,1,20,1.0,0.10361692103139514,0.04890437740749783,0.02870789959464069,0.016957606582273344,2.9495236419098353e-05,3.8170285489302906
21,1,21,1.0,0.10376147243631853,0.0492692151843992,0.029661341840609253,0.017291073869991704,2.9286637945997122e-05,3.6432960704132706
22,1,22,1.0,0.10391928445790351,0.04923544435419588,0.030168907719148215,0.016694153031518236,2.8850787349963368e-05,3.3404826473538822
23,1,23,1.0,0.10395522001348982,0.04930267347026075,0.02982388628984664,0.017202062886252187,2.904209473169883e-05,3.4109244108423664
24,1,24,1.0,0.10427482716034844,0.0495781013293144,0.031067559205016113,0.01691864602146759,2.8595332755967898e-05,3.873693649537229
25,1,25,1.0,0.10436027846857737,0.04990746900770399,0.03123731649203232,0.017696587200376826,2.810512210511459e-05,3.621234395541888
26,1,26,1.0,0.10453756141010995,0.049816012292845636,0.0318915950575995,0.016946241535751725,2.7389681100832114e-05,3.846499980714454
27,1,27,1.0,0.10457293361111338,0.04954296398977948,0.03132917639380821,0.016480991365323997,2.7475560865486684e-05,3.5302700929071955
28,1,28,1.0,0.10461671084890067,0.04958097607865293,0.03106687782967034,0.01670241491676766,2.708770271015239e-05,3.4416337923787133
29,1,29,1.0,0.1048112580764171,0.04965810081286308,0.031615496574589216,0.016425932294987983,2.772944609819142e-05,3.734498218702009
30,1,30,1.0,0.1048843245045327,0.049458808409862026,0.031253360029684096,0.01601653111884392,2.602861160586611e-05,3.74767368811907
31,1,31,1.0,0.10497833448644821,0.049326434665256075,0.031034654179062017,0.01571005809420872,2.5745922656849545e-05,3.780191608833339
32,1,32,1.0,0.10519786237294222,0.04962385898166233,0.03164900187922179,0.015995167146202416,2.607363450828372e-05,3.8498860249547717
33,1,33,1.0,0.1053858518610236,0.04977906049418653,0.03234008223680903,0.01587688055227352,2.6301651897659925e-05,3.515607955753922
34,1,34,1.0,0.10557125670129286,0.049715377025115186,0.03166080900972442,0.015940955961098062,2.603224805555075e-05,3.7781638535636524
35,1,35,1.0,0.105671251965148,0.04981591627332899,0.03240514941940851,0.01573173162606111,2.498095455314479e-05,3.79204921148388
36,1,36,1.0,0.1056904090316731,0.050023311125926485,0.032518248132887916,0.016288206151489376,2.4700374192014177e-05,3.239477648745719
37,1,37,1.0,0.10579556869984746,0.049763892670981906,0.03193462689915844,0.015736899371492693,2.4716477421828232e-05,3.839703950413147
38,1,38,1.0,0.10600613321651522,0.05015837944878472,0.032880314033745986,0.01615603432031059,2.4252738284425688e-05,3.4156839494722524
39,1,39,1.0,0.10599662857126245,0.04976707210703793,0.03222493644352654,0.015449643105593333,2.427770891938881e-05,3.8919513413266844
40,1,40,1.0,0.10621839942184803,0.04981281091412927,0.03232929324360355,0.015310559718748312,2.3922325886958094e-05,3.792350689997235
41,1,41,1.0,0.10635765604627988,0.04999449085985493,0.03323925530073216,0.015184963323612086,2.4185591457827135e-05,3.7895779001058543
42,1,42,1.0,0.10642420477904636,0.050286455920618825,0.03354831552956452,0.01575565455282359,2.4500989739187236e-05,3.855750659834727
43,1,43,1.0,0.1064628302194624,0.050340410998743826,0.033760893056428244,0.015806107921282606,2.448460031704834e-05,3.7392148322434973
44,1,44,1.0,0.10662843778111503,0.05073639783288678,0.03468036945339791,0.016245008476510798,2.455760605340518e-05,3.8165708264210254
45,1,45,1.0,0.1067573941373547,0.05099229261610243,0.03537291616145191,0.016489186149805178,2.4829557726316684e-05,3.8394313627789303
46,1,46,1.0,0.10676616240692399,0.0511132195301545,0.03563010838511935,0.016718841754049994,2.4942495580875724e-05,3.841101692177355
47,1,47,1.0,0.10703735357367322,0.05141619338337173,0.03647599715308892,0.01680149395648333,2.5129600872760435e-05,3.8676720191564256
48,1,48,1.0,0.10710382065076507,0.051514140430678666,0.03686516938063725,0.01683348094305175,2.507193456459236e-05,3.8542857761128375
49,1,49,1.0,0.10709022402346202,0.05158676502847264,0.03674123784043439,0.017177716845433674,2.5963898726184915e-05,3.769793682666044
50,1,50,1.0,0.10720262352120945,0.05163028795291216,0.03692471110617652,0.01705419716099387,2.5786557635515167e-05,3.888964891018769
51,1,51,1.0,0.10718515589831788,0.05165885964418069,0.037085553573715686,0.017087857517056847,2.5644523573702033e-05,3.926761728808349
52,1,52,1.0,0.10732140782776978,0.05183666832426674,0.037570950520583755,0.017261663129051773,2.5838373008706932e-05,3.7295857904647987
53,1,53,1.0,0.10737117475018712,0.05176181512816339,0.0375627651960398,0.017019047777583896,2.5807107422034838e-05,3.797217413250133
54,1,54,1.0,0.10738090968225014,0.05173670183491503,0.03765917602171443,0.0168928012598216,2.577969491013409e-05,3.38788859639374
55,1,55,1.0,0.10747805358895907,0.0517765632042518,0.0378827229628811,0.0168133400144597,2.5519834778673464e-05,3.8096336973233083
56,1,56,1.0,0.10739996949838733,0.05157457680987497,0.036977999449383826,0.01683708831731929,2.5654750364344128e-05,3.9074719431772142
57,1,57,1.0,0.1075625581714148,0.05185737153403779,0.03798576335069485,0.01696016460955886,2.546812276609598e-05,3.7093150007261935
58,1,58,1.0,0.10759917383002025,0.05182372010059846,0.037854877007929194,0.016864404129907043,2.5535952676255455e-05,3.858294912161837
59,1,59,1.0,0.10769323105148164,0.05197999530368381,0.03854952001231924,0.01686770211379794,2.53841764735808e-05,3.823958197011646
60,1,60,1.0,0.1076865200941246,0.05218079542502379,0.03859808475034326,0.017462100500823224,2.558329237231139e-05,3.757787613908843
61,1,61,1.0,0.10780440144955393,0.05218463672735752,0.0388773298602481,0.017156066387381083,2.574726708393688e-05,3.864736188920335
62,1,62,1.0,0.10788702768417106,0.05243552724724142,0.039456230190516174,0.01750021948126561,2.6228874556678538e-05,3.8463248857259127
63,1,63,1.0,0.10796012809127321,0.05259003203954452,0.03978547339061316,0.01768770174386846,2.6169814079860665e-05,3.8804861274988816
64,1,64,1.0,0.10802135827205159,0.05269977504371578,0.040228437745821036,0.017717036584771147,2.6051169194805286e-05,3.84566304220874
65,1,65,1.0,0.10812872337521036,0.052989927569006244,0.04084814160833267,0.018123437513094545,2.611372490287354e-05,3.807155741308366
66,1,66,1.0,0.10815265387756128,0.052945135491526026,0.040897691433214554,0.017992913549694164,2.6755915326080065e-05,3.7558456178594755
67,1,67,1.0,0.10810623006591115,0.05288008724114834,0.04088546839524965,0.017855490717989836,2.625076084744529e-05,3.7367568239002185
68,1,68,1.0,0.10824331649224167,0.05313499633267395,0.04146062192386545,0.018166741273805773,2.6418036419806956e-05,3.8154676734366912
69,1,69,1.0,0.10836609658994646,0.0532672357151651,0.04199599902166071,0.0181695008825311,2.6618894570566144e-05,3.842728434497246
70,1,70,1.0,0.10836462529203333,0.053323585901504905,0.04206501212092266,0.01833964493591341,2.6870725148053165e-05,3.686296588865655
71,1,71,1.0,0.10839960958370724,0.05336143539298294,0.04228938642856794,0.01829019735734518,2.670827177082676e-05,3.795609214901765
72,1,72,1.0,0.10843408991062065,0.05344612196571807,0.04240570095798049,0.018444084480070167,2.697514919154413e-05,3.771371785659225
73,1,73,1.0,0.10847777290240343,0.0534217885009244,0.04262204376712649,0.01827401838910813,2.6939859236162104e-05,3.8414090220609913
74,1,74,1.0,0.10852151144438925,0.05347646201370109,0.042733983722172776,0.018321379076327606,2.7043420548769726e-05,3.6574389690016527
75,1,75,1.0,0.10863973683907906,0.053703114240597455,0.04348341799879795,0.018504886670541298,2.7014362396438822e-05,3.8053836065994466
76,1,76,1.0,0.10863151024971905,0.05367339334732447,0.043215451284726716,0.0185461281806594,2.7074077975866092e-05,3.855535082465277
77,1,77,1.0,0.10875371137003091,0.0539151728377383,0.04387160650452044,0.018780710696693747,2.7413596372798926e-05,3.8166035951683948
78,1,78,1.0,0.10870695318468943,0.053774630228678386,0.04369137997303614,0.018532176298069084,2.718558684170463e-05,3.678018844768539
79,1,79,1.0,0.10881978915530059,0.05393816669170673,0.04402518650651348,0.01871012196280493,2.737829939090619e-05,3.8642703727891954
80,1,80,1.0,0.10881704448908329,0.053911363650590946,0.04418224089422147,0.01859091609523366,2.7775566566587815e-05,3.87642208802592
81,1,81,1.0,0.10882638217580368,0.05387700930212298,0.04410617298398326,0.018555095442638787,2.768420786091942e-05,3.7629903670163816
82,1,82,1.0,0.10892236224495579,0.054053037659734744,0.04452377867560764,0.018728495988343075,2.8008165006876855e-05,3.8509664236602785
83,1,83,1.0,0.10892653538523576,0.05409762384137537,0.04460925636376796,0.018820134941369766,2.807102093603014e-05,3.877833928292958
84,1,84,1.0,0.10897710061850667,0.054198788439106735,0.04486656834657021,0.018939007846752717,2.818184148747945e-05,3.7573654527052494
85,1,85,1.0,0.10901480918525402,0.054239375644259985,0.045095989486543316,0.018904128558870168,2.8051284113585458e-05,3.7160549151327515
86,1,86,1.0,0.10905897505821682,0.0543359866020007,0.0453154522973723,0.01903892453680314,2.817866774048362e-05,3.84640515451864
87,1,87,1.0,0.1091294470881514,0.05450536010611771,0.04567864684840802,0.019262596169538584,2.818384669862042e-05,3.8155251493847038
88,1,88,1.0,0.10913742612548118,0.054457576458270734,0.04577077009051252,0.019090575496398483,2.815550059593681e-05,3.764571749373883
89,1,89,1.0,0.1091727943775782,0.05458930369320079,0.04597360911493509,0.019331507035171554,2.855492380702976e-05,3.803181501826872
90,1,90,1.0,0.10923550974107202,0.0546381104950212,0.046203868055757255,0.019290548432134777,2.863185953470545e-05,3.8815697144379517
91,1,91,1.0,0.1092469216380242,0.054608741760253904,0.046257323308508576,0.019206744446790443,2.847258002372707e-05,3.747147790681622
92,1,92,1.0,0.10933373948781486,0.054793545584393366,0.04662850400906576,0.019456474480154883,2.8744354517561437e-05,3.7475553098521526
93,1,93,1.0,0.10929552431148375,0.054737540090185964,0.04649778955441894,0.019396021711292056,2.864672520681602e-05,3.7542467601899685
94,1,94,1.0,0.10939129910731417,0.05490651742005959,0.04695342812740775,0.01954601559546779,2.8829008071531658e-05,3.855261678475621
95,1,95,1.0,0.1094299348256016,0.05495367800068651,0.04713247915556193,0.019561427433632397,2.8728490932661297e-05,3.864887708334808
96,1,96,1.0,0.10942680058150821,0.054981986412635214,0.047166468558016816,0.019639418054890185,2.8998098923068422e-05,3.7331368388934703
97,1,97,1.0,0.10951380643520797,0.05505864477565146,0.047433720652413205,0.01965655231464944,2.9259729215559876e-05,3.782257958975362
98,1,98,1.0,0.10950989023840922,0.05503900413839226,0.047440382195424395,0.01959495080566086,2.9061324968960255e-05,3.8352588705723476
99,1,99,1.0,0.10955289752607061,0.05517486167972924,0.047631304811805476,0.01982905338105119,2.9300971897893153e-05,3.8936356929732305
100,1,100,1.0,0.10957827961783513,0.05517391586303711,0.04783530113390455,0.019731366144284015,2.9114696467191163e-05,3.889360538004028
101,1,101,1.0,0.10960698542333933,0.05521070193429278,0.04793737192735878,0.01976962557350341,2.9260051501628375e-05,3.857414744197372
102,1,102,1.0,0.10962330672459271,0.05527587104862572,0.04804458060799259,0.019882743366058424,2.9503909332361307e-05,3.7985681722581788
103,1,103,1.0,0.10965868920435759,0.05530659422915206,0.04823866996189596,0.019843877639452424,2.9165540953745495e-05,3.8080980917920693
104,1,104,1.0,0.1096501966711961,0.055332769149389026,0.04825007029437421,0.01991406162371439,2.919301438489193e-05,3.8347007069616392
105,1,105,1.0,0.10972192276084965,0.05541219248323359,0.048447967546767515,0.019980853887578316,2.973023334156922e-05,3.7934099457937
106,1,106,1.0,0.1096984024080555,0.05538189397306524,0.04843913721578603,0.019919925392921235,2.945108907409156e-05,3.8302254553777564
107,1,107,1.0,0.10971178293091634,0.05544535322270842,0.0485314817837955,0.020041927899841584,2.9482349881696407e-05,3.8343268020138326
108,1,108,1.0,0.10973627952244301,0.05545547648372813,0.04864712380151309,0.01999767947948337,2.9704236110594643e-05,3.897554630342573
109,1,109,1.0,0.10975398030531032,0.05547960049881894,0.04873364568298158,0.020006159936475164,2.948559991608786e-05,3.8103929850319775
110,1,110,1.0,0.10979453955955233,0.055542413760454226,0.04892383164099514,0.020067220910815368,2.9696763944021922e-05,3.870783435784624
111,1,111,1.0,0.10978802993384497,0.05559103060991336,0.048972847551362005,0.020176911253889877,2.9665353540358e-05,3.8424792662302485
112,1,112,1.0,0.10982813134419062,0.05561780059031951,0.04911549774852994,0.020159888885896177,2.969488259304912e-05,3.8228149145822763
113,1,113,1.0,0.10984956171347704,0.055614261040320766,0.049165715610833396,0.020112581855436653,2.9791408755165698e-05,3.7580781352811097
114,1,114,1.0,0.10985462397659053,0.055655627845698954,0.04922363797277482,0.020189094795250773,2.9702397922993128e-05,3.818836449204603
115,1,115,1.0,0.10989467181924212,0.05574672112098107,0.04937495303747611,0.020327737081756937,3.000652351957007e-05,3.737183980726027
116,1,116,1.0,0.10987707148539745,0.05571509281386677,0.04937218734829948,0.020265523457893526,2.981173757817545e-05,3.7815772858164283
117,1,117,1.0,0.10994583213607972,0.05583820395184378,0.04966989034450701,0.020391262369400143,3.009191187580644e-05,3.8650967737679025
118,1,118,1.0,0.1099641169381763,0.05583486739590637,0.04974463294447233,0.02034310395883781,3.00891924546774e-05,3.7670436359003436
119,1,119,1.0,0.10995741255312165,0.05584800752819094,0.04973310806112503,0.02039394575916395,2.9912458725555426e-05,3.8155437592484707
120,1,120,1.0,0.1099821565822893,0.05591147936307467,0.04990089580933786,0.020461648984971017,3.013901739417925e-05,3.815442070563776
121,1,121,1.0,0.10998374873727093,0.05591466531998072,0.04990289241717504,0.02046112381036898,2.991086350716814e-05,3.7952343544552622
122,1,122,1.0,0.10999201623041162,0.05592894011277419,0.049952237290216715,0.02047184068503966,3.0043757324476337e-05,3.7970372147835874
123,1,123,1.0,0.11001959298752861,0.05596909377921341,0.05005393800683754,0.02052049154071202,3.0340306522980613e-05,3.834387691805283
124,1,124,1.0,0.11003563195841902,0.056010423122308195,0.05013841478144983,0.02056920402825908,3.0241745039691857e-05,3.834059220616954
125,1,125,1.0,0.11004951090167937,0.056023856432009966,0.050208297232907005,0.020564792828096645,3.0422295129578722e-05,3.8093586860392783
126,1,126,1.0,0.1100652301389555,0.05605171402499207,0.050307059940912086,0.02057400141490052,3.0111834664490725e-05,3.841377570649571
127,1,127,1.0,0.11007919539954107,0.05609063166430873,0.05031283641094576,0.02066735311747382,3.0453389521927755e-05,3.820759329406992
128,1,128,1.0,0.11011165690887616,0.05611296603210971,0.05049572034353025,0.020621841095389993,3.043310376209155e-05,3.866243491453195
129,1,129,1.0,0.11009951939758297,0.05610891430194561,0.0504101052615252,0.02065811377797789,3.0517769468909575e-05,3.829230510864336
130,1,130,1.0,0.11008394177084659,0.05608340522570488,0.05035808621970478,0.020628130592938533,3.048425792282476e-05,3.8210495902783332
131,1,131,1.0,0.11011009622254006,0.056129463391426285,0.05048467128936058,0.02067178785641863,3.0466381265412422e-05,3.8198181023394944
132,1,132,1.0,0.11012824547090945,0.05615928793361044,0.05056889877631351,0.020700902246486748,3.0739978961810005e-05,3.78783631687483
133,1,133,1.0,0.11012575142241982,0.05614570826342982,0.050564307843768905,0.02067322203375398,3.0552406347295996e-05,3.750495162303514
134,1,134,1.0,0.11014743758204691,0.056191368755112346,0.05065825927577037,0.020730282880391034,3.054804721508575e-05,3.8226477350532457
135,1,135,1.0,0.11016425925786084,0.056183148375943175,0.050708775510098406,0.020671210074198296,3.072650782810449e-05,3.8093221463826343
136,1,136,1.0,0.11020007660510767,0.05626325405153454,0.050911219299423695,0.020771319188059925,3.0643703174673516e-05,3.8369656218815136
137,1,137,1.0,0.11021267745356252,0.05630028723040198,0.05095240806102978,0.020838925331289088,3.0833358361667016e-05,3.857070202699283
138,1,138,1.0,0.11017557464542256,0.05622760818351028,0.050782156400096576,0.020748917196532914,3.0753409614266864e-05,3.7532362244505113
139,1,139,1.0,0.11020836999845161,0.05627781651162694,0.05094459509480831,0.02078522310506363,3.0778700237877254e-05,3.8411226662326934
140,1,140,1.0,0.11023278478201791,0.056350664904993825,0.05109844514626646,0.020887650152621232,3.0768629012937725e-05,3.8599971323835502
141,1,141,1.0,0.11023017579731698,0.05632997767130534,0.05106565835840242,0.020851462799800533,3.07818567584577e-05,3.8162129917499725
142,1,142,1.0,0.11021446624547475,0.056319698561969986,0.05100545091421048,0.020865288986580553,3.083066991034524e-05,3.8283439300321267
143,1,143,1.0,0.11022610238891037,0.05632395843766693,0.05105001670730598,0.020843636816115844,3.07845612593996e-05,3.8198255986833054
144,1,144,1.0,0.1102375783380318,0.05634726464035165,0.051096905760641714,0.020873747182263,3.094077067857277e-05,3.853150071676346
145,1,145,1.0,0.11025904836355681,0.056391205160026873,0.05123119029350633,0.02091687265954823,3.0811151363828705e-05,3.848904348100974
146,1,146,1.0,0.11024980390670826,0.05636351339226095,0.0511636489435705,0.02088231239223895,3.094019633381016e-05,3.7941476548504447
147,1,147,1.0,0.1102571883830143,0.05638487563173995,0.05121529854833875,0.02091049062857336,3.080384617366974e-05,3.8188877897079494
148,1,148,1.0,0.11027443043549864,0.05641957023816231,0.051291261301375804,0.02095533115350683,3.0905951881062236e-05,3.8205517916140694
149,1,149,1.0,0.11026962678828768,0.056399664854392025,0.0512619923546163,0.020915518268295828,3.095778446856736e-05,3.8340529728045967
150,1,150,1.0,0.11028535505515269,0.05642236044468024,0.051318634046614145,0.020940674170016327,3.100612941016573e-05,3.8168731936813005
151,1,151,1.0,0.11030164085729612,0.0564503921117538,0.05139508525486389,0.020970161334515944,3.101137960789898e-05,3.8071644045710715
152,1,152,1.0,0.11028581769752611,0.056447764404818544,0.0513649141177325,0.020991298383145347,3.097569175084591e-05,3.808440499706559
153,1,153,1.0,0.1103077840790639,0.05646915253207215,0.05144375383578075,0.020993120952736127,3.115066414006221e-05,3.854113513712061
154,1,154,1.0,0.11030795236410157,0.05646670740893763,0.05144770365647408,0.02098460900073376,3.0962513462699346e-05,3.8202250515524225
155,1,155,1.0,0.1103066384629905,0.05646590925689436,0.05144433237868213,0.020987417027120727,3.112266989228972e-05,3.8092774879206943
156,1,156,1.0,0.11032846990685384,0.05650430796696589,0.05154874923576371,0.02101683301456281,3.102880185127791e-05,3.845083845258875
157,1,157,1.0,0.11033003925942671,0.05652445442656166,0.051572288526625217,0.021062318331769365,3.1054892169923786e-05,3.82070278986242
158,1,158,1.0,0.11033192441190551,0.056518558241363266,0.051571948898155064,0.02104641001047574,3.1086877453229847e-05,3.812117778110061
159,1,159,1.0,0.11035844634637412,0.05656397475544204,0.0516869041487297,0.021099379970067878,3.119217887876744e-05,3.8187714563818766
160,1,160,1.0,0.11035646479729441,0.056548951043023,0.051671384125903747,0.02106355651534027,3.113734686594497e-05,3.84386371429548
161,1,161,1.0,0.11036026644433679,0.05656505799904848,0.051689715482043416,0.021094551679804306,3.124304801511216e-05,3.8280241566201814
162,1,162,1.0,0.11036078042204543,0.05656345585880117,0.05169559593145306,0.021088074901568516,3.1116755566404125e-05,3.810621142835357
163,1,163,1.0,0.11037331126495582,0.056585465846917565,0.05176154267074662,0.021107055586594762,3.117110542733889e-05,3.8330962597617573
164,1,164,1.0,0.1103674329212786,0.05658285721346863,0.05173295457712125,0.021116665871729615,3.1221598821348876e-05,3.8433174532791328
165,1,165,1.0,0.11037007471355667,0.05657890994732197,0.051736085373988,0.021103886953514374,3.126911548744205e-05,3.827723032989984
166,1,166,1.0,0.11037415621877204,0.056588367951221956,0.05175244569013987,0.021118489834116082,3.1318786092852386e-05,3.8214292514878703
167,1,167,1.0,0.1103814025523797,0.056610096532055454,0.05180847565926264,0.02114909439387031,3.123631499826334e-05,3.798472246648542
168,1,168,1.0,0.11038669363533163,0.05660680836082524,0.05182356912275673,0.021125280284628293,3.1211533356506235e-05,3.8243427541038875
169,1,169,1.0,0.11038852220277649,0.0566131343352489,0.05182020634210442,0.02114206720826942,3.1321825643545076e-05,3.831065753777324
170,1,170,1.0,0.11038864711553655,0.05661572415604551,0.051815946282485814,0.02115121119434296,3.13261841790376e-05,3.776546831372639
171,1,171,1.0,0.11039437622919597,0.05662484695564987,0.05186550422919705,0.021146950225465585,3.123868637998437e-05,3.8352957498927887
172,1,172,1.0,0.11040049693560947,0.05663512935801449,0.05189518642710482,0.02115749246342534,3.125949673762034e-05,3.850282739449519
173,1,173,1.0,0.11040424180909156,0.056651907700758716,0.05191545770175361,0.021189094133351245,3.128405855061813e-05,3.8409747089728157
174,1,174,1.0,0.11041086188589512,0.056652278737125236,0.05192899172509485,0.02118116399690971,3.139523100686313e-05,3.8332563655391914
175,1,175,1.0,0.11040637034642077,0.056650368943173664,0.05191536720707302,0.021185321105917955,3.134928862920437e-05,3.797861033387617
176,1,176,1.0,0.11040763109295307,0.05665409567417243,0.05194440067921363,0.021182947860864415,3.123267435479531e-05,3.8129378954050277
177,1,177,1.0,0.11041730541114987,0.056670385083581645,0.051967677205030746,0.021207327642939255,3.139121359869625e-05,3.818663283721737
178,1,178,1.0,0.11041974147662452,0.0566650624723516,0.051985051876642666,0.021181928438753755,3.130978400020555e-05,3.8302065673761487
179,1,179,1.0,0.11041621687350177,0.056664312183347526,0.05196752161579045,0.021192531476036856,3.135974913016487e-05,3.798769563257357
180,1,180,1.0,0.11042922060049322,0.05668846978081597,0.05203149555054657,0.021216962579795072,3.1318591694389246e-05,3.8180264628371314
181,1,181,1.0,0.1104249179975679,0.056679971874269666,0.051999553676035655,0.021211882620313427,3.141882792610983e-05,3.817068257585279
182,1,182,1.0,0.11043216186376402,0.056694765987559265,0.05204737785694352,0.02122254289363126,3.131275833552902e-05,3.838876352028355
183,1,183,1.0,0.11042450358357246,0.056683385082799145,0.05201643528661849,0.021214313370831683,3.126292620580934e-05,3.7982056051090014
184,1,184,1.0,0.11043201011600823,0.05668873720087557,0.05203389901907786,0.021214172985479444,3.1411085331923874e-05,3.8102277521338332
185,1,185,1.0,0.11043826419564308,0.05670188095223191,0.05206849121968427,0.021227627948090518,3.138741336173519e-05,3.8295446094381242
186,1,186,1.0,0.11043959485639991,0.05670565900232038,0.05207107894714648,0.021235845315703702,3.142083113141554e-05,3.8161260361614726
187,1,187,1.0,0.11043266833076065,0.0566939092456785,0.05204276706378514,0.021223559198351463,3.1392367102870346e-05,3.802394436005845
188,1,188,1.0,0.11043300553851304,0.056696985032823354,0.05204487453688153,0.021230125734920346,3.137154322932799e-05,3.805849855581075
189,1,189,1.0,0.1104457253143151,0.056718289236737114,0.052101405329149156,0.02124932089536052,3.1439721416316125e-05,3.8373643672305695
190,1,190,1.0,0.11044404992866985,0.056717894790518995,0.052101066524426295,0.021250314613101902,3.139475310817111e-05,3.8370751443827946
191,1,191,1.0,0.11044579224831473,0.0567233772277832,0.05210843193577248,0.021261340002430826,3.138668600890604e-05,3.823708275342553
192,1,192,1.0,0.11044752432950444,0.056720115335578594,0.05211483126681409,0.021248666917836067,3.140369981303179e-05,3.8204520629095797
193,1,193,1.0,0.11044684833815145,0.05671832307994875,0.0521063111212923,0.021248413799169766,3.14343323237647e-05,3.819809156825909
194,1,194,1.0,0.11045402710249494,0.05673173813127045,0.05213991714486789,0.021262408534669097,3.143649313623505e-05,3.8226992349717435
195,1,195,1.0,0.11044962215213147,0.05672839489146175,0.05212798891151726,0.02126262488267474,3.139549320989767e-05,3.817110114724738
196,1,196,1.0,0.11045448603453102,0.056727681999532584,0.05213826834921758,0.02125208990038699,3.1461307637019865e-05,3.8259173653768723
197,1,197,1.0,0.11045839835772694,0.0567398438412919,0.05217188382886694,0.0212648829172897,3.137456142089167e-05,3.837021431798742
198,1,198,1.0,0.11045418750712557,0.05672838175194895,0.05214022042039021,0.02125415931749356,3.142117561186279e-05,3.8175318321989815
199,1,199,1.0,0.110458770496531,0.05674271223280165,0.05216848061688231,0.02127522557182211,3.140709110162532e-05,3.823807440119892
200,1,200,1.0,0.1104574383443038,0.05674010356674847,0.05216110600211949,0.021273769488037254,3.142373887599216e-05,3.797909572409361
201,2,1,5.0,0.11063348437906981,0.057165631840371676,0.05345537005277329,0.02158701074491055,0.0001464621699674061,1.676258156188046
202,2,2,5.0,0.11063401305796146,0.05746387814252805,0.054441532430252855,0.02177919549559814,0.00013551624129683022,3.0512601172534137
203,2,3,5.0,0.1103750083701388,0.05747235342172476,0.05463637371828323,0.021727216249484985,0.00012746319405096033,11.211032860339051
204,2,4,5.0,0.11028767724463898,0.057448327317197095,0.0542690297179127,0.02184589439815476,0.00013609866386083975,14.19839170983109
205,2,5,5.0,0.11024339137087531,0.057419862144013754,0.05380891030024223,0.0219585285068588,0.00014574947038580358,16.133226503978467
206,2,6,5.0,0.11023991139928653,0.057406983236981256,0.05346079000931814,0.022042171655585113,0.00015328629711089837,17.476776504981444
207,2,7,5.0,0.1102817528213166,0.05744444998716697,0.05335778503363413,0.022126948886268642,0.0001582495250494347,18.372955511394263
208,2,8,5.0,0.11033796410778246,0.05750234150682759,0.05341165136794967,0.02219591301547799,0.00016031999976911788,18.905591785140984
209,2,9,5.0,0.11040444906321713,0.05756710248115735,0.053537377219247555,0.022252343750857145,0.00016116023786361063,19.080755488983968
210,2,10,5.0,0.1104727227083425,0.057629758948953745,0.053691631455824486,0.02229379966073672,0.0001613725161554971,19.014425302313974
211,2,11,5.0,0.11052341717983195,0.05767678653684437,0.053822830619545785,0.022314145995130763,0.00016137417985147208,19.16584278328678
212,2,12,5.0,0.11057707535225877,0.05772139531323033,0.053947743182037204,0.02233508422684922,0.00016181722612818624,19.038233415127397
213,2,13,5.0,0.1106179855877875,0.0577611567179362,0.054060915885163964,0.022355951442559665,0.00016225238894360935,19.168217442939184
214,2,14,5.0,0.11065240203294614,0.057791043664655116,0.05415503288550691,0.022365245226703166,0.00016238661142652143,19.21696411157508
215,2,15,5.0,0.11068339963305242,0.05781820597200312,0.054235001371314005,0.02238022224800653,0.00016269921740389662,19.185969615619083
216,2,16,5.0,0.11071340268509552,0.05784428682897845,0.054321308742861424,0.022389558873111552,0.0001629858154075655,19.21663639059106
217,2,17,5.0,0.1107398540450705,0.057868853446764824,0.054401819578223085,0.022400671330023117,0.00016320662826016836,19.312612800348987
218,2,18,5.0,0.11076946970848627,0.057898260784964274,0.05449733539080648,0.0224189519293226,0.00016351755951194395,19.2805489368233
219,2,19,5.0,0.11079140194757366,0.05791852207672902,0.05456522321861661,0.022430577078387994,0.0001636536592502948,19.302044051940936
220,2,20,5.0,0.11081172032750364,0.05793054189437475,0.05461660246978224,0.022427693851404105,0.0001639437298851361,19.274592636859047
221,2,21,5.0,0.11081638333217238,0.057934507451505746,0.05463419333249234,0.02242776714070568,0.00016399511319070676,19.355946577363323
222,2,22,5.0,0.11082580586877566,0.0579369149493356,0.054652174317108275,0.022422185030194258,0.000164096749222361,19.268477841948116
223,2,23,5.0,0.11083549334746765,0.057944528465597035,0.05468177894039007,0.022425399856970608,0.00016414944321778833,19.22532555804318
224,2,24,5.0,0.11084296322830997,0.05794972261608156,0.05470144478325724,0.022426607649300646,0.00016416004728568408,19.242304829601103
225,2,25,5.0,0.11084993762309533,0.05795560879177517,0.054723049696111484,0.022429273116390102,0.00016413589029893282,19.271413103495398
226,2,26,5.0,0.11085362071192004,0.05795774978246444,0.05473346050462961,0.02242833980095561,0.00016410170223262792,19.32018763202521
227,2,27,5.0,0.11086169529029685,0.05796185667901976,0.05475135719225925,0.022428319347960454,0.00016425950482991172,19.281202831189674
228,2,28,5.0,0.11086926608985884,0.0579669933482113,0.05477804959685603,0.02242649173979635,0.000164345896861027,19.313336716751937
229,2,29,5.0,0.11087446698881144,0.05796799573327741,0.054785755021166276,0.02242477623157493,0.00016437889545458675,19.250705749259716
230,2,30,5.0,0.11087852132417923,0.057969100039229435,0.054796243892769755,0.022421921592220256,0.0001643931560710413,19.289448913465314
231,2,31,5.0,0.11088701595434157,0.05797490802993122,0.05481972886124487,0.02242268150103997,0.00016453349548108627,19.278391437702044
232,2,32,5.0,0.11089088558662172,0.05797644623324402,0.05482922053556711,0.022421502248527944,0.00016443363938360727,19.29598430242478
233,2,33,5.0,0.11090055131657829,0.05798286199977255,0.05486066163595081,0.022419278841365964,0.00016461116129128374,19.31762590632678
234,2,34,5.0,0.11090563501452945,0.05798499959961981,0.05487572221184364,0.02241550853096691,0.00016461388085866667,19.360546844268733
235,2,35,5.0,0.11091104993529345,0.05798669713990301,0.05489018103000065,0.022412923755556903,0.00016465171011901942,19.324483892833367
236,2,36,5.0,0.11091605333289829,0.057988693074283434,0.054899549531542816,0.02241346434110508,0.0001646007030005601,19.2651674589074
237,2,37,5.0,0.11092022579458306,0.057990505903195114,0.05490960573456404,0.022413620545111812,0.00016456698125210634,19.25325536288661
238,2,38,5.0,0.11092307451483696,0.05799110803848658,0.05491674196439909,0.0224102914417145,0.00016463375956653764,19.327326948407773
239,2,39,5.0,0.11092667962913054,0.05799000086336054,0.054920655799927214,0.02240606219177474,0.0001645677048818408,19.25508055217609
240,2,40,5.0,0.1109303791249245,0.05799289739233816,0.05493301678186292,0.022408116622520596,0.0001645384859124159,19.27357200500469
241,2,41,5.0,0.11093238853746491,0.057994053832486146,0.05493864530326121,0.022407439673494327,0.00016458948373398611,19.311795747191045
242,2,42,5.0,0.11093852228843155,0.057998365125085556,0.05495450914261909,0.022410036518280736,0.00016463840624500367,19.23830480114331
243,2,43,5.0,0.1109395492683356,0.05799921378111228,0.05496053392046839,0.022409130636877553,0.0001646175587596582,19.288895350996878
244,2,44,5.0,0.11094324794224895,0.058001419849884814,0.05497172218366314,0.02240882523430707,0.00016465101497217417,19.26480743601411
245,2,45,5.0,0.11094677725402809,0.05800419707991119,0.05498256634350941,0.022409424096867366,0.00016468534206836704,19.283622891703054
246,2,46,5.0,0.11094924622944971,0.058005679203913765,0.05499008150966524,0.022408877531455002,0.00016470428859108194,19.29739532870853
247,2,47,5.0,0.11095231497853668,0.05800614837907318,0.05499506010088189,0.022407549021258053,0.0001647500024964848,19.260544487016357
248,2,48,5.0,0.11095208270868893,0.05800506826547476,0.05499726943371539,0.022403703010935513,0.00016466940074855228,19.32119141270673
249,2,49,5.0,0.11095319311340056,0.05800395743867271,0.054996108546005416,0.022402244528253377,0.00016463018613936887,19.284928936481002
250,2,50,5.0,0.11095666434755137,0.05800479791103265,0.055001475985713776,0.02240112409839802,0.00016470640278008067,19.250748304973897
251,2,51,5.0,0.11095842473458038,0.05800588894705487,0.055006685239691176,0.022401311120320438,0.00016462967346524105,19.25856782169343
252,2,52,5.0,0.11096179448881544,0.05800887846335387,0.055017526605570674,0.022403211604319673,0.00016467969291484807,19.260188705059658
253,2,53,5.0,0.11096372056819759,0.058010363065279444,0.05502366259991207,0.02240336299877758,0.00016469399225560355,19.294502419087777
254,2,54,5.0,0.11096556938799286,0.05801124921619383,0.0550289433523738,0.02240337231060337,0.0001646498699018958,19.281030829895297
255,2,55,5.0,0.11096810683670662,0.0580123655205099,0.0550345390138017,0.022402260246579167,0.00016471703017367962,19.30170115960234
256,2,56,5.0,0.1109712481581599,0.05801333422538562,0.055039231684559174,0.022402266908444386,0.0001647601086159279,19.25277994551848
257,2,57,5.0,0.11097264551406989,0.058013960683447684,0.055043170726552,0.022401627585487898,0.00016473096141254048,19.27576874978836
258,2,58,5.0,0.11097694031533076,0.058017905928130845,0.05505841613091896,0.02240337072452343,0.00016475754535894813,19.278583216620536
259,2,59,5.0,0.11097802349306383,0.058017915448571884,0.05506057920408395,0.022402572993943142,0.00016468349639006948,19.28165901837672
260,2,60,5.0,0.1109790828276609,0.05801950255825988,0.055068851015525215,0.022402737040786914,0.0001646295020217746,19.331689475125035
261,2,61,5.0,0.11098017522716838,0.05801923960498256,0.05506875772383419,0.022402143760833812,0.00016468021150460813,19.315414157095066
262,2,62,5.0,0.11098110173983157,0.0580183597792927,0.05506674954821762,0.022401222097056715,0.0001646979043891754,19.277111742193256
263,2,63,5.0,0.1109828669269904,0.05801984646789029,0.05507354205305108,0.022401127639292695,0.0001647099842788006,19.29468224116096
264,2,64,5.0,0.11098480259074418,0.05802114033495259,0.05507821135263564,0.022401824069178573,0.0001647434388160173,19.281943046325576
265,2,65,5.0,0.11098600284608301,0.0580216552864792,0.05508102298374998,0.022401896163933937,0.0001647505130516688,19.269912056288234
266,2,66,5.0,0.11098778781818446,0.05802310284997663,0.055086918413515595,0.022402442275449692,0.00016477415089471027,19.27055924481254
267,2,67,5.0,0.11098763931405599,0.05802263488117446,0.05508774101307719,0.02240119647171785,0.00016474231913473503,19.288055778674032
268,2,68,5.0,0.11098952025104628,0.05802437767615685,0.05509347299803297,0.022402850781000492,0.00016477245630812737,19.280184553687025
269,2,69,5.0,0.11099090822251668,0.05802454741388305,0.055095035934936636,0.022402302571391176,0.00016479551336303364,19.26487912481395
270,2,70,5.0,0.11099139795120666,0.05802452674278846,0.055098022499108834,0.02240064106804311,0.00016473596744691284,19.283544806346615
271,2,71,5.0,0.11099231460857847,0.05802458415887295,0.05509934236761656,0.022400364031378336,0.00016473447689687427,19.269646671034305
272,2,72,5.0,0.11099277781336236,0.058024200080806373,0.05510078991913941,0.022398851403981037,0.0001647088267937628,19.272022228820838
273,2,73,5.0,0.11099427376367722,0.058024627815963875,0.0551031753504862,0.022398229086431524,0.00016475503132780877,19.263789155320914
274,2,74,5.0,0.11099540547642708,0.05802479716243907,0.05510609277592237,0.02239713673674355,0.0001647277737976081,19.254783742967607
275,2,75,5.0,0.11099639504650356,0.058025081145457735,0.05510768741474408,0.0223969989239,0.00016471662384109047,19.246925688331924
276,2,76,5.0,0.1109962192438669,0.05802463048951239,0.055107165261447176,0.022396484257491633,0.00016468397838483693,19.254268852341706
277,2,77,5.0,0.11099724025864773,0.05802501385028545,0.05510929576279625,0.022396158763088397,0.00016470510332669327,19.257200940478096
278,2,78,5.0,0.11099879058503809,0.058025985587356436,0.05511327847827124,0.022396419750627346,0.0001647417923722972,19.251716214606905
279,2,79,5.0,0.1109991538689341,0.058025298452784875,0.05511387536231723,0.022394174976174172,0.0001647448859656187,19.258924738356384
280,2,80,5.0,0.11100043771406538,0.05802569146441598,0.05511803251804568,0.022392724595382194,0.00016472754068569257,19.263846288142084
281,2,81,5.0,0.11100150083956893,0.05802639561840612,0.0551203951879408,0.022393198193798192,0.00016474478470030252,19.250645523731084
282,2,82,5.0,0.11100168189621205,0.05802628756792117,0.05512089730809789,0.022392505734063126,0.00016474234732953767,19.26189389951331
283,2,83,5.0,0.111001981243399,0.05802632408468132,0.05512122818446765,0.0223923732163748,0.0001647505267879658,19.262404694552266
284,2,84,5.0,0.1110021504806346,0.05802637396918403,0.05512200000441797,0.022392147379610462,0.00016473244094985384,19.26931512900679
285,2,85,5.0,0.1110027154161872,0.058026336604713374,0.055122405013563115,0.022391678939456972,0.00016474601466230746,19.263301001934074
286,2,86,5.0,0.11100291811008332,0.05802626927693685,0.05512278570419705,0.022391250511105115,0.0001647370349283546,19.268175798935143
287,2,87,5.0,0.11100328824721435,0.05802651677579961,0.05512377331664868,0.02239138995649552,0.00016473929482590833,19.27159804358737
288,2,88,5.0,0.11100367322196919,0.05802650777702657,0.05512495748004907,0.02239074687258063,0.00016472939636346442,19.271909563961746
289,2,89,5.0,0.11100393593428295,0.05802648110674997,0.055125728915093174,0.022390344197286152,0.0001647387692567802,19.27357105679169
290,2,90,5.0,0.11100451321293334,0.058026385250254574,0.055126251266831,0.022389807056957756,0.00016475262074428472,19.26314972367752
291,2,91,5.0,0.11100472897842178,0.058026698381472855,0.05512760073343856,0.02239000393106832,0.0001647399211589249,19.271364146064794
292,2,92,5.0,0.11100443844040926,0.058026238368107726,0.05512679016473169,0.022389454413705687,0.00016471847766153086,19.277314117797307
293,2,93,5.0,0.11100514587159964,0.05802646734775641,0.05512836976117737,0.02238925446299553,0.0001647258087872646,19.267224284464913
294,2,94,5.0,0.11100572274727251,0.05802669159978883,0.05512973323114749,0.02238913260563671,0.00016471488188163748,19.25915680765307
295,2,95,5.0,0.11100631401053723,0.05802700538309211,0.05513117010196342,0.022389280890421935,0.00016472441750928029,19.254059587352533
296,2,96,5.0,0.11100659401654868,0.05802706048427484,0.055132055190091886,0.02238901556010268,0.0001647214205019598,19.256451862492636
297,2,97,5.0,0.11100710645099013,0.058027177207490316,0.05513284426711058,0.022388699520793042,0.00016475115704235005,19.262556692116313
298,2,98,5.0,0.1110074126898089,0.05802752965943426,0.05513424888773835,0.02238867014370657,0.00016476124604885,19.27686402296062
299,2,99,5.0,0.11100823608738883,0.058027858310275605,0.05513589147036874,0.022388529268317105,0.00016477338001740928,19.27092279504299
300,2,100,5.0,0.11100856046884504,0.0580280030079377,0.05513691998264882,0.02238839451533431,0.0001647748996897233,19.273626717710005
301,3,1,10.0,0.11100674266238239,0.05802915762224768,0.055142138531011325,0.02238854131003354,0.00032938647473231876,1.9922511762700705
302,3,2,10.0,0.11100300181278473,0.058030034578763524,0.05514739718575526,0.022388156238128152,0.00032913369714123326,2.000829925483
303,3,3,10.0,0.11099883485701492,0.05803074349297418,0.05515212425905376,0.02238764168587537,0.00032875506406311714,2.010011421475484
304,3,4,10.0,0.11099479743019205,0.05803192419068426,0.05515906342195722,0.02238735581498913,0.0003284499883767748,2.019600915189823
305,3,5,10.0,0.11099051542284435,0.058032972710764304,0.05516571779969492,0.022386954420175964,0.000328114256025327,2.0295328397524006
306,3,6,10.0,0.11098596987953183,0.05803376672206781,0.05517178134256378,0.02238627446564013,0.00032776607838360625,2.039774683598086
307,3,7,10.0,0.1109811368667776,0.058034386561467095,0.05517747397668662,0.02238556528338517,0.0003274851965122303,2.050305769896031
308,3,8,10.0,0.11097605729724253,0.058034977187458266,0.055182770364529836,0.022385300861441474,0.00032724020539982195,2.0611020565183074
309,3,9,10.0,0.11097093901490122,0.058036076407147266,0.05518979423378537,0.02238581871383261,0.0003269041868431681,2.0722192122512397
310,3,10,10.0,0.11096628605680031,0.0580377932165423,0.055199126752584295,0.022386364521197754,0.00032641137575242367,2.0836577375156615
311,3,11,10.0,0.11096198513768668,0.058040040855733756,0.055210725975141456,0.022386967681331867,0.0003261087556520612,2.095355352274292
312,3,12,10.0,0.11095720069662458,0.058041383596567006,0.055220899429835116,0.022386206468026578,0.00032576362331063614,2.1072907733163446
313,3,13,10.0,0.11095232781268842,0.05804270847027118,0.05523132068959363,0.02238538355764063,0.00032540849326174776,2.119445128101436
314,3,14,10.0,0.1109474257472414,0.05804406966511001,0.05524182267734945,0.02238462047774741,0.0003249528047337827,2.1317959942511657
315,3,15,10.0,0.1109423395473056,0.058045262687226644,0.05525177799718374,0.02238373535195689,0.00032459421359128717,2.1443532483456806
316,3,16,10.0,0.11093710998592665,0.05804633044381427,0.05526136778929761,0.02238279443279986,0.0003242977327534623,2.1570999632641907
317,3,17,10.0,0.1109317727918145,0.05804735610831497,0.05527064989765876,0.02238193278248888,0.0003239456509049413,2.170046323801211
318,3,18,10.0,0.1109263621261774,0.058048326280381944,0.055279865034611644,0.022380979383266303,0.00032357995958031375,2.183185028283399
319,3,19,10.0,0.11092080241535818,0.05804913646339351,0.05528858858857288,0.02237990552112889,0.00032337584139710166,2.196524891465987
320,3,20,10.0,0.11091512553530947,0.058049780919001655,0.05529700094000521,0.0223785740104867,0.00032305907877766066,2.2100633448816795
321,3,21,10.0,0.11091184987979764,0.05804926440247104,0.05529756586734407,0.02237747409356591,0.0003228825371167686,2.216778095001933
322,3,22,10.0,0.1109085513905395,0.05804873533330412,0.055298064513186994,0.02237638160151461,0.00032276886484996006,2.2235413652577174
323,3,23,10.0,0.11090522977338817,0.05804817486624433,0.05529850027876618,0.022375239631212244,0.0003225534825403362,2.230351974826413
324,3,24,10.0,0.11090186628190847,0.05804753856169872,0.05529869647856131,0.022373973654456102,0.00032234946321376464,2.2372085963566617
325,3,25,10.0,0.1108985288614627,0.05804696658533862,0.05529909514975757,0.022372824624200118,0.0003221737377007575,2.244112913841978
326,3,26,10.0,0.11089512228925964,0.05804632548796825,0.05529927932520651,0.02237164603301468,0.0003219998155368752,2.2510723624408873
327,3,27,10.0,0.11089173309270434,0.058045699518969936,0.05529950915673413,0.02237045619935519,0.00032183241814003484,2.258076846614362
328,3,28,10.0,0.11088831543157614,0.05804505359617054,0.055299703031432265,0.022369244996025623,0.0003216611531072301,2.2651341485573506
329,3,29,10.0,0.11088486380118971,0.05804436877650074,0.05529975087125679,0.02236802285298289,0.0003214415092842722,2.2722383231483625
330,3,30,10.0,0.11088137521818764,0.05804365578675882,0.05529973285187078,0.022366768900421777,0.000321309730630203,2.2793985952786033
331,3,31,10.0,0.11087787543754839,0.05804293268969935,0.05529970040590632,0.02236550822524403,0.00032102725654953047,2.2866031526227855
332,3,32,10.0,0.11087434653123832,0.058042166457216965,0.055299565812988484,0.02236419712762933,0.0003208591806657701,2.2938657752518212
333,3,33,10.0,0.11087078972495187,0.05804136269724267,0.05529936115926903,0.02236284111391979,0.00032065816242970215,2.3011828742046605
334,3,34,10.0,0.11086720248513507,0.05804053849440355,0.055299070828824105,0.022361493834648635,0.0003203916201165575,2.3085470989435666
335,3,35,10.0,0.11086358714712459,0.05803968240460779,0.05529868788326158,0.022360107965568938,0.000320232636893135,2.315965306293273
336,3,36,10.0,0.11085993884112022,0.05803879126524314,0.05529821406184249,0.022358699074149706,0.00031996175544366634,2.3234434965948747
337,3,37,10.0,0.11085629469765573,0.05803789846306173,0.055297798082867035,0.022357256686829193,0.00031974568582025743,2.3309740240929986
338,3,38,10.0,0.11085260395101791,0.05803694912511059,0.055297236474502305,0.02235576495382743,0.00031953873375910026,2.3385626013072063
339,3,39,10.0,0.11084885501843836,0.058035954043396516,0.055296479924846986,0.022354283427802882,0.00031939624887702956,2.3462065136619863
340,3,40,10.0,0.1108451006672224,0.05803494559393989,0.05529572527193876,0.02235276068754732,0.00031925709140164264,2.3539048701180736
341,3,41,10.0,0.11084363370450648,0.05803543671175965,0.055298478693706056,0.022352820705243675,0.00031928650380770135,2.357958620306419
342,3,42,10.0,0.1108421574604664,0.058035926101554156,0.055301214291114724,0.022352884743086488,0.0003192485264027243,2.362028580149717
343,3,43,10.0,0.11084066733649672,0.0580364002977681,0.055303929082229586,0.022352938914609766,0.00031916902928842727,2.3661155220210026
344,3,44,10.0,0.11083917008727893,0.05803687155959952,0.05530661342596758,0.022352998901060083,0.0003190775081009032,2.3702166502153634
345,3,45,10.0,0.11083766688327516,0.05803734177809495,0.055309290786609615,0.022353060559045724,0.0003190377106004383,2.3743347357147337
346,3,46,10.0,0.11083615569215052,0.05803780541053185,0.05531194414447752,0.022353126831960404,0.0003189717720274356,2.3784688135014016
347,3,47,10.0,0.11083463695626038,0.05803825437105619,0.055314583311562616,0.022353162778422,0.0003188946067946397,2.3826201511322593
348,3,48,10.0,0.1108331082169872,0.05803870163615952,0.055317184197953284,0.022353216518530672,0.00031880392581915776,2.3867867491090533
349,3,49,10.0,0.11083157940262223,0.05803914720584185,0.055319780983762105,0.02235326943805341,0.0003187563802909535,2.390970602181735
350,3,50,10.0,0.11083003088298957,0.058039576603816104,0.05532233084957689,0.022353302881896492,0.00031869362325461555,2.3951694472817104
351,3,51,10.0,0.11082848280002457,0.05804000293699085,0.055324878305034395,0.022353338274268393,0.00031858248368173614,2.3993870899851357
352,3,52,10.0,0.11082693531396325,0.058040432954445866,0.055327435200848124,0.022353372999966245,0.000318515725425109,2.403621818813158
353,3,53,10.0,0.11082535522950723,0.05804083304119925,0.05532989295359731,0.022353391706285558,0.0003184595567591497,2.407869422366637
354,3,54,10.0,0.1108237828379224,0.05804123276930589,0.05533235954631904,0.022353399787738835,0.0003183862060780322,2.412138027654167
355,3,55,10.0,0.1108221963218198,0.058041625128852,0.05533478865979663,0.022353419417043396,0.0003183667525890873,2.4164229691147026
356,3,56,10.0,0.11082061227060318,0.058042019640278615,0.05533726511499849,0.022353425508893028,0.00031825229470090906,2.4207240016176144
357,3,57,10.0,0.11081900096328014,0.058042376591609074,0.055339606936228775,0.02235338807578402,0.00031823535540752274,2.425042761904563
358,3,58,10.0,0.1108173888076157,0.05804273934649606,0.055341973070917885,0.022353369441251315,0.0003182128974543381,2.4293787255125863
359,3,59,10.0,0.11081575491994719,0.05804307295318343,0.05534426459960041,0.02235331747574426,0.0003181171769214967,2.433733000345667
360,3,60,10.0,0.11081413327573879,0.05804342299241286,0.05534659132372729,0.022353282647403116,0.0003180911684744503,2.43810746827346
361,3,61,10.0,0.11081275111893626,0.05804255105695154,0.05534438792743634,0.022352403008682464,0.00031801335519858107,2.4400331552903314
362,3,62,10.0,0.11081136634486918,0.05804167908888597,0.05534219170640046,0.02235152242251439,0.0003179788984558367,2.4419636956453177
363,3,63,10.0,0.11080998241564281,0.0580408087510329,0.055339987886383016,0.022350648058369657,0.00031791744844682197,2.443896581958782
364,3,64,10.0,0.11080859224551871,0.05803993309868707,0.05533777433988243,0.0223497671363659,0.00031792364504223025,2.4458338909630593
365,3,65,10.0,0.11080720155391553,0.05803905539227347,0.055335550789539334,0.02234888542056765,0.0003178863481170536,2.4477736647343473
366,3,66,10.0,0.11080581039256472,0.05803817869659163,0.05533332692888109,0.022348006008834843,0.0003178660992734738,2.4497163919751497
367,3,67,10.0,0.11080441625278441,0.058037298870901775,0.05533110518855613,0.022347122069259207,0.0003178207334716382,2.4516636098473708
368,3,68,10.0,0.11080302108785091,0.05803641666510166,0.05532887532085746,0.022346237489440743,0.00031778037315626173,2.4536138783239334
369,3,69,10.0,0.11080162710963809,0.05803553595909706,0.055326643319136316,0.022345355870332522,0.0003177393828590467,2.4555672388579497
370,3,70,10.0,0.11080022659765316,0.05803465186225044,0.05532440390680259,0.0223444713437102,0.0003176980257932968,2.4575245041324125
371,3,71,10.0,0.11079882598947983,0.058033763200808795,0.05532215534252479,0.02234358200083957,0.00031771267132751636,2.4594853968857016
372,3,72,10.0,0.11079742368542261,0.05803287587614141,0.05531990254279727,0.022342695033801437,0.00031767386089698513,2.4614489303620197
373,3,73,10.0,0.1107960176916652,0.0580319835304195,0.05531764166678952,0.022341802500887024,0.00031766143391432006,2.46341668467901
374,3,74,10.0,0.11079461424286101,0.05803109349959936,0.055315381748286895,0.02234091344170809,0.0003176229557502406,2.4653877945663125
375,3,75,10.0,0.11079320554945951,0.05803019883897569,0.055313112978610544,0.02234002131991935,0.00031756252873967945,2.4673624115751567
376,3,76,10.0,0.11079179725182783,0.058029303395850024,0.05531084613297553,0.02233912663800179,0.00031753572435787,2.4693407313156617
377,3,77,10.0,0.11079038491389338,0.05802840488792484,0.055308565599153064,0.02233822976510191,0.0003174738803980866,2.4713220775662967
378,3,78,10.0,0.11078897011469147,0.058027505271455164,0.05530627795230152,0.022337336181411684,0.000317415639044662,2.473307659269219
379,3,79,10.0,0.11078755564708519,0.05802660311185397,0.055303993692827964,0.022336434823341487,0.00031737948884804414,2.4752961997035268
380,3,80,10.0,0.11078614141004438,0.05802570316934178,0.05530170671357145,0.022335539248500624,0.00031733516528112366,2.4772882294105196
381,3,81,10.0,0.11078524404071229,0.058024913429195045,0.05529938653029118,0.022334972440697314,0.0003173108120968923,2.478231015975808
382,3,82,10.0,0.11078434742543619,0.05802412492800982,0.055297069400440636,0.022334407147900706,0.00031727100469507765,2.4791744585855056
383,3,83,10.0,0.11078344928194023,0.058023336002969335,0.05529474855270435,0.022333841810002055,0.0003172435920646963,2.480118955149036
384,3,84,10.0,0.11078255020834878,0.05802254433917184,0.05529242285334328,0.02233327444587401,0.00031720899838035726,2.4810640459077886
385,3,85,10.0,0.11078165335995267,0.058021754468608105,0.05529010062196204,0.02233270673884717,0.00031718608921495135,2.4820098570594626
386,3,86,10.0,0.11078075514121462,0.05802096342429137,0.05528777912233326,0.022332138842876582,0.00031717059216180714,2.48295647103358
387,3,87,10.0,0.110779856608637,0.05802017355372763,0.05528545592185634,0.02233157167159283,0.0003171526833649503,2.4839040258141014
388,3,88,10.0,0.1107789572337337,0.058019381237845134,0.0552831295551107,0.022331003058938884,0.00031712815603467023,2.484852299385855
389,3,89,10.0,0.11077805907918425,0.058018590095715646,0.055280802841646146,0.02233043647477909,0.0003170915782843722,2.485801360864285
390,3,90,10.0,0.11077715970179357,0.0580177989861904,0.055278478877964256,0.02232986846973858,0.00031705629343454464,2.486751080183614
391,3,91,10.0,0.11077625848725636,0.058017005659576154,0.055276151222220876,0.022329298858907987,0.00031702943998712245,2.4877017457709396
392,3,92,10.0,0.11077535936715104,0.05801621578901242,0.05527382554221079,0.022328735660675537,0.00031700820942542554,2.4886533382683247
393,3,93,10.0,0.11077445919386399,0.058015425788031684,0.0552714989901081,0.02232817342362464,0.00031696537913373726,2.489606300351146
394,3,94,10.0,0.11077355992287223,0.05801463565663395,0.05526917228476459,0.022327612681737614,0.00031693385397160516,2.4905598129814144
395,3,95,10.0,0.11077265848457646,0.05801384480794271,0.05526684174823924,0.022327051042740905,0.0003169141241243762,2.491514226201854
396,3,96,10.0,0.1107717584591295,0.05801305438310672,0.055264516367829135,0.022326486884220995,0.00031693560103275044,2.492469449712247
397,3,97,10.0,0.11077085674607026,0.05801226304535173,0.05526218400325602,0.022325923573980024,0.000316887838009602,2.4934256063114577
398,3,98,10.0,0.11076995318557879,0.05801146854498448,0.05525985021270208,0.022325358904348207,0.00031686167271004857,2.494382888990053
399,3,99,10.0,0.11076905139573115,0.058010677011603985,0.05525751643421381,0.022324796099622554,0.0003168687267821612,2.4953407703316417
400,3,100,10.0,0.11076814907099246,0.05800988560864049,0.05525518432735564,0.0223242345540703,0.0003168434146389173,2.4962993626274574
401,4,1,20.0,0.11076787233003814,0.05800964838011652,0.055254506834310935,0.02232406303977357,0.000633691260917364,1.428008081231191
402,4,2,20.0,0.11076773399372777,0.05800952751616127,0.05525412889059507,0.02232397628602191,0.0006336843934825973,1.4280316940945796
403,4,3,20.0,0.11076754900421344,0.058009363092927854,0.055253629682286635,0.022323854821987812,0.000633679349016909,1.42806224298582
404,4,4,20.0,0.1107671523976948,0.058009027334359975,0.055252696586578054,0.02232361022830472,0.0006336591045449318,1.4281199681824392
405,4,5,20.0,0.1107667422921191,0.05800868212055956,0.055251742203725876,0.022323363290507475,0.000633683113863362,1.428178159057622
406,4,6,20.0,0.11076632979022696,0.05800833243997688,0.0552507787590498,0.022323111882718568,0.0006336627819375875,1.4282366048749793
407,4,7,20.0,0.11076591253592077,0.05800797874907143,0.05524980647337237,0.022322855131863984,0.0006336367062015647,1.4282956288472184
408,4,8,20.0,0.11076549440846849,0.058007622938889725,0.05524883062977648,0.022322596293286676,0.0006336169783897994,1.4283546966705183
409,4,9,20.0,0.11076507268279112,0.05800726487901476,0.05524785200263908,0.0223223357879808,0.0006335966971093943,1.4284139542316168
410,4,10,20.0,0.11076465087046619,0.05800690685174404,0.055246870730129974,0.022322074622352105,0.0006335635456962752,1.4284732333044279
411,4,11,20.0,0.11076422817129672,0.058006546868218316,0.055245886480139755,0.022321811255853054,0.0006335418473781757,1.4285325684389365
412,4,12,20.0,0.11076380454002303,0.05800618672167134,0.0552449025722529,0.022321547886246604,0.0006334974748909731,1.42859193552301
413,4,13,20.0,0.11076337971449474,0.05800582530355861,0.055243916212320415,0.02232128377406347,0.0006335024271190819,1.42865141022738
414,4,14,20.0,0.11076294295877255,0.058005451919686084,0.055242887866171,0.022321011503955365,0.0006334791358618744,1.4287135956750614
415,4,15,20.0,0.11076250190526248,0.05800507491674178,0.055241853110019896,0.02232073509145134,0.0006334574733552523,1.428776326120828
416,4,16,20.0,0.11076206207592325,0.05800469837025699,0.05524081850048548,0.022320459682061193,0.0006334382427770649,1.4288390995324702
417,4,17,20.0,0.11076162003658996,0.05800432100866595,0.05523978282022387,0.022320182543759587,0.0006334160327689489,1.428901970174029
418,4,18,20.0,0.11076117824118356,0.058003943060198404,0.05523874587550157,0.02231990623397105,0.0006333905475608676,1.4289648492479399
419,4,19,20.0,0.11076073634468063,0.0580035656007946,0.05523770982436168,0.02231963008510055,0.0006333737215262051,1.4290277012153223
420,4,20,20.0,0.11076029454596732,0.05800318794576531,0.0552366735877771,0.02231935327545058,0.0006333584876869217,1.4290906288235175
421,4,21,20.0,0.11076019083725455,0.058003099751268695,0.05523637706205208,0.022319295612332993,0.0006333515233734552,1.4291093625562887
422,4,22,20.0,0.11076008703004182,0.05800301155677209,0.05523608034105258,0.02231923841127703,0.0006333391355988351,1.429128102574686
423,4,23,20.0,0.1107599829525443,0.05800292274279472,0.055235783646128224,0.022319180953290146,0.0006333327601812369,1.4291468598856902
424,4,24,20.0,0.11075987869284552,0.05800283490694486,0.055235487032617915,0.022319123525969542,0.000633350876809941,1.429165600310183
425,4,25,20.0,0.11075977429597045,0.05800274677765675,0.055235190943233266,0.022319065985515488,0.0006333460427164473,1.4291843657546626
426,4,26,20.0,0.11075967138303754,0.05800265868097289,0.05523489540565225,0.0223190087016994,0.0006333282400266332,1.4292030934467814
427,4,27,20.0,0.11075956742877054,0.05800257071470603,0.055234597846602555,0.022318951520451078,0.0006333246904466845,1.4292218504115024
428,4,28,20.0,0.11075946277444049,0.05800248115083091,0.055234301448083105,0.02231889332217724,0.0006333173204868621,1.42924060323353
429,4,29,20.0,0.11075935867299792,0.058002393054147054,0.055234004826613205,0.022318835729772037,0.0006333119867746735,1.4292593553873392
430,4,30,20.0,0.11075925472916612,0.05800230505527594,0.055233708397241316,0.02231877813721822,0.0006333112695021509,1.4292781229047944
431,4,31,20.0,0.11075915010059761,0.05800221708900908,0.05523341227065166,0.02231872076021907,0.0006333073392238986,1.4292968586555606
432,4,32,20.0,0.11075904640257175,0.05800212834024022,0.05523311655753085,0.022318662982479573,0.0006333003273638313,1.4293156173100803
433,4,33,20.0,0.11075894233773617,0.058002040536994606,0.05523281940395659,0.022318605831160413,0.0006332905417798473,1.4293343723983296
434,4,34,20.0,0.11075883843092939,0.05800195139697474,0.05523252211042998,0.02231854807366672,0.0006332839650265085,1.4293531281734726
435,4,35,20.0,0.11075873412030655,0.05800186372414613,0.05523222503667019,0.022318490542000753,0.0006332770245796301,1.4293719095512605
436,4,36,20.0,0.1107586301031202,0.05800177543183677,0.05523192945554803,0.022318433143718813,0.0006332731145624436,1.4293906469895359
437,4,37,20.0,0.11075852642794555,0.05800168681348491,0.05523163307037993,0.022318375313876017,0.0006332705984038623,1.4294093938090708
438,4,38,20.0,0.11075842223919129,0.0580015988798223,0.055231336434579434,0.02231831774067763,0.0006332634671615474,1.4294281857420146
439,4,39,20.0,0.11075831818553677,0.058001510163657684,0.055231039686499867,0.022318260126243546,0.0006332566295503975,1.4294469287153189
440,4,40,20.0,0.11075821429053836,0.05800142193655682,0.0552307424110651,0.022318202727369015,0.0006332507418703,1.4294657125657793
441,4,41,20.0,0.11075817907670732,0.05800138920188969,0.055230660226286706,0.022318174192225773,0.0006332496638786491,1.4294706429085937
442,4,42,20.0,0.11075814423124865,0.058001356728056556,0.05523057801371432,0.0223181456673179,0.000633253286810994,1.4294755765739489
443,4,43,20.0,0.11075810999912568,0.05800132425422343,0.05523049549663035,0.022318117358082683,0.0006332482361643717,1.4294805516258937
444,4,44,20.0,0.11075807457604679,0.05800129204122429,0.05523041309011025,0.022318088761199038,0.0006332466616616741,1.4294854724087716
445,4,45,20.0,0.11075804018451732,0.05800125920874441,0.0552303307941545,0.022318060297813306,0.0006332453594037297,1.4294904121689094
446,4,46,20.0,0.11075800509321135,0.05800122644147302,0.05523024811066996,0.022318031649497038,0.0006332437243820128,1.4294953500307435
447,4,47,20.0,0.1107579707260499,0.058001194358890895,0.05523016647859424,0.022318003525011666,0.0006332422999026071,1.429500302225429
448,4,48,20.0,0.11075793565973857,0.05800116208068326,0.055230083767191754,0.022317974856078664,0.000633240035314432,1.4295052420793257
449,4,49,20.0,0.11075790125429323,0.05800112941122463,0.05523000163677726,0.022317946474723193,0.0006332385972721102,1.4295101954949552
450,4,50,20.0,0.11075786658031711,0.05800109628530649,0.05522991956158469,0.02231791824741094,0.0006332372150997552,1.4295151290522545
451,4,51,20.0,0.11075783194270766,0.05800106475699661,0.05522983676679619,0.022317889588640363,0.0006332356722687057,1.4295200865965028
452,4,52,20.0,0.11075779704897232,0.05800103221795498,0.05522975463601439,0.02231786121744844,0.000633234219477668,1.4295250090078995
453,4,53,20.0,0.11075776255810788,0.0580009997767261,0.05522967283717635,0.022317832671596555,0.0006332296858698709,1.4295299484562418
454,4,54,20.0,0.11075772729491669,0.05800096691164196,0.05522958998667359,0.02231780407434813,0.0006332324210611166,1.4295349234964945
455,4,55,20.0,0.110757692731271,0.058000934568225825,0.05522950835362513,0.02231777588794385,0.0006332310357591146,1.4295398235900727
456,4,56,20.0,0.11075765774981583,0.05800090186616295,0.05522942558589247,0.022317747413887055,0.000633233247059718,1.4295447961902898
457,4,57,20.0,0.11075762329737328,0.058000869881393566,0.05522934303941436,0.022317719227411218,0.0006332309167259106,1.4295497324953967
458,4,58,20.0,0.11075758862204636,0.05800083730974768,0.055229261239966715,0.022317690547840954,0.0006332295469314948,1.4295546825489418
459,4,59,20.0,0.1107575539977917,0.05800080467289329,0.05522917858255335,0.02231766208394735,0.0006332303363896296,1.4295596071312988
460,4,60,20.0,0.1107575186233,0.05800077278593666,0.055229096118723404,0.022317633897363742,0.000633228359701511,1.429564572909674
461,4,61,20.0,0.11075750914782094,0.05800076157007462,0.05522907342731235,0.022317622043374435,0.0006332278785345148,1.429565550840417
462,4,62,20.0,0.11075750002706812,0.05800075100629758,0.0552290506252021,0.022317610384548655,0.0006332311446017803,1.429566512539925
463,4,63,20.0,0.11075748942287042,0.05800074018168653,0.055229028182824685,0.022317598530546857,0.00063323069157655,1.42956749394837
464,4,64,20.0,0.1107574801292813,0.05800072935707549,0.05522900496560837,0.022317587077150924,0.000633230514890118,1.4295684769099593
465,4,65,20.0,0.11075747021098073,0.05800071924975794,0.05522898221881486,0.02231757533612998,0.0006332300893612115,1.4295694424787722
466,4,66,20.0,0.1107574607228828,0.0580007080338959,0.05522895980408216,0.02231756366700768,0.0006332301729765554,1.4295704142278094
467,4,67,20.0,0.11075745125771146,0.058000697437514605,0.05522893669752721,0.022317552059512018,0.0006332297479479658,1.4295713929377243
468,4,68,20.0,0.1107574411436459,0.05800068700415456,0.05522891419975842,0.022317540349289032,0.0006332294855288317,1.4295723542642456
469,4,69,20.0,0.11075743150856675,0.05800067647298177,0.055228891397582434,0.022317528597971373,0.0006332289768241821,1.4295733318153074
470,4,70,20.0,0.11075742231337604,0.05800066535493247,0.055228868540051906,0.022317517021273887,0.0006332285649074369,1.4295743105292136
471,4,71,20.0,0.11075741221150344,0.05800065472594693,0.05522884584854735,0.022317505403481815,0.0006332280803675556,1.4295752811328286
472,4,72,20.0,0.11075740274716414,0.058000643999148636,0.05522882332306898,0.022317493600785006,0.0006332277011030481,1.4295762563743462
473,4,73,20.0,0.1107573927796537,0.058000633239746094,0.055228800299474703,0.022317481839170573,0.0006332585707791844,1.4295772319980276
474,4,74,20.0,0.11075738338953402,0.05800062228471805,0.05522877780165036,0.022317470108366426,0.0006332268735020255,1.4295782288827883
475,4,75,20.0,0.11075737388776735,0.058000612373026006,0.05522875480570973,0.022317458470005602,0.0006332575999476885,1.4295791992965587
476,4,76,20.0,0.1107573639339144,0.05800060167883196,0.055228732169503705,0.02231744675973351,0.0006332571922137209,1.4295801706780056
477,4,77,20.0,0.110757353597803,0.05800059039776142,0.05522870892449031,0.022317435326804042,0.0006332568898135727,1.429581154037863
478,4,78,20.0,0.11075734411011233,0.058000580225235375,0.05522868645430139,0.022317423647336354,0.0006332564410404572,1.429582113054501
479,4,79,20.0,0.11075733444958584,0.05800056881374783,0.055228663707376696,0.02231741173160225,0.0006332560887086668,1.4295830871438056
480,4,80,20.0,0.11075732530421563,0.05800055864122179,0.05522864137553276,0.022317400082938792,0.0006332516673645705,1.4295840712788357
481,4,81,20.0,0.11075732109444787,0.05800055609809028,0.055228636090051644,0.02231739732999098,0.0006332554909255869,1.4295842962552454
482,4,82,20.0,0.11075731868773038,0.05800055313110351,0.05522863133035094,0.02231739439214332,0.0006332553663941071,1.4295845022853007
483,4,83,20.0,0.1107573153615076,0.0580005501315125,0.05522862596185082,0.022317391628922614,0.0006332553389307363,1.4295847475458496
484,4,84,20.0,0.11075731184015018,0.05800054762098524,0.0552286210914585,0.022317388701346398,0.0006332512097574012,1.4295849779206755
485,4,85,20.0,0.11075730835328805,0.05800054432795598,0.05522861608270232,0.02231738591758059,0.0006332550314075862,1.429585186654822
486,4,86,20.0,0.11075730500309157,0.05800054139357347,0.05522861079721879,0.02231738312354223,0.0006332509257168239,1.4295854027391397
487,4,87,20.0,0.11075730205682453,0.05800053858960796,0.05522860515198974,0.02231738003160967,0.0006332507587671893,1.4295856466432488
488,4,88,20.0,0.11075729835106345,0.05800053565522544,0.055228600724358715,0.022317377309476,0.0006332505982142965,1.429585859633427
489,4,89,20.0,0.11075729540500544,0.05800053294907268,0.05522859535585562,0.02231737465924743,0.0006332504569753259,1.4295860961971698
490,4,90,20.0,0.1107572923243739,0.05800053014510717,0.0552285908728784,0.022317371824118838,0.0006332503074611128,1.4295862983622927
491,4,91,20.0,0.11075728856982885,0.05800052730853741,0.055228585670410564,0.022317368865723403,0.0006332501695294618,1.4295865484552726
492,4,92,20.0,0.11075728551275196,0.05800052421113365,0.05522858066165117,0.022317365876510953,0.0006332500237525161,1.4295867533244218
493,4,93,20.0,0.11075728221175685,0.058000521537585135,0.0552285755698732,0.02231736321600881,0.0006332498735216091,1.429586989117289
494,4,94,20.0,0.1107572787991153,0.05800051879882812,0.05522857103154896,0.022317360421967615,0.0006332497401329395,1.4295872061589139
495,4,95,20.0,0.11075727565687601,0.058000515864445615,0.05522856519260686,0.022317357586837217,0.0006332496286186191,1.4295874375104967
496,4,96,20.0,0.11075727261304084,0.058000512277978096,0.05522856062660905,0.02231735463871211,0.0006332494552134946,1.4295876520435533
497,4,97,20.0,0.11075726885849509,0.05800050960442959,0.05522855534112021,0.022317351700858825,0.000633249317677516,1.4295878793346237
498,4,98,20.0,0.1107572659854024,0.05800050732213208,0.055228550470721664,0.022317348917088402,0.0006332491976707323,1.4295880946389818
499,4,99,20.0,0.11075726196003552,0.05800050357264331,0.05522854537894092,0.02231734596896215,0.0006332490399658472,1.429588319226293
500,4,100,20.0,0.1107572590633878,0.05800050158378405,0.05522854053621422,0.022317343329002072,0.0006332489034829035,1.429588546507952
