step,epoch_est,q0_mean,q0_std,q1_norm_mean,q2_norm_mean,sr_energy_sum,lr_energy_sum
4005,2.0025,0.0,0.0,0.0,0.0,-0.14881143718299994,0.0
8010,4.005,0.0,0.0,0.0,0.0,-0.10989673437199987,0.0
12015,6.0075,0.0,0.0,0.0,0.0,-0.034575119616999994,0.0
16020,8.01,0.0,0.0,0.0,0.0,0.807992905376,0.0
20025,10.0125,0.0,0.0,0.0,0.0,-0.028444260362000096,0.0
24030,12.015,0.0,0.0,0.0,0.0,-0.43159644305370004,0.0
28035,14.0175,0.0,0.0,0.0,0.0,0.327713713044,0.0
32040,16.02,0.0,0.0,0.0,0.0,-0.10325224697199997,0.0
36045,18.0225,0.0,0.0,0.0,0.0,-0.23400187491750002,0.0
40050,20.025,0.0,0.0,0.0,0.0,0.251350536938,0.0
44055,22.0275,0.0,0.0,0.0,0.0,0.18277013301800005,0.0
48060,24.03,0.0,0.0,0.0,0.0,-0.042851269238999956,0.0
52065,26.0325,0.0,0.0,0.0,0.0,-0.13443091512599992,0.0
56070,28.035,0.0,0.0,0.0,0.0,0.33620078860799996,0.0
60075,30.0375,0.0,0.0,0.0,0.0,0.266466841091,0.0
64080,32.04,0.0,0.0,0.0,0.0,-0.016100734469999933,0.0
68085,34.0425,0.0,0.0,0.0,0.0,0.27841472626399993,0.0
72090,36.045,0.0,0.0,0.0,0.0,0.08900207281700001,0.0
76095,38.0475,0.0,0.0,0.0,0.0,0.35314208268499997,0.0
80100,40.05,0.0,0.0,0.0,0.0,0.020596802237999978,0.0
84105,42.0525,0.0,0.0,0.0,0.0,0.472779452805,0.0
88110,44.055,0.0,0.0,0.0,0.0,0.33442136647,0.0
92115,46.0575,0.0,0.0,0.0,0.0,0.15737602115499988,0.0
96120,48.06,0.0,0.0,0.0,0.0,0.368373095998,0.0
100125,50.0625,0.0,0.0,0.0,0.0,0.4684979617659999,0.0
104130,52.065,0.0,0.0,0.0,0.0,0.41514888404499994,0.0
108135,54.0675,0.0,0.0,0.0,0.0,-0.19676560163789997,0.0
112140,56.07,0.0,0.0,0.0,0.0,-0.14639177919009994,0.0
116145,58.0725,0.0,0.0,0.0,0.0,0.11461636423900001,0.0
120150,60.075,0.0,0.0,0.0,0.0,0.12002792955199992,0.0
124155,62.0775,0.0,0.0,0.0,0.0,0.12122884394799993,0.0
128160,64.08,0.0,0.0,0.0,0.0,-0.18908762931400003,0.0
132165,66.0825,0.0,0.0,0.0,0.0,-0.07720559834629998,0.0
136170,68.085,0.0,0.0,0.0,0.0,-0.15977817773159997,0.0
140175,70.0875,0.0,0.0,0.0,0.0,0.19483834506299996,0.0
144180,72.09,0.0,0.0,0.0,0.0,0.15292099119500002,0.0
148185,74.0925,0.0,0.0,0.0,0.0,0.13977178931,0.0
152190,76.095,0.0,0.0,0.0,0.0,0.20619618892499997,0.0
156195,78.0975,0.0,0.0,0.0,0.0,0.411142230028,0.0
160200,80.1,0.0,0.0,0.0,0.0,0.22833037376600002,0.0
164205,82.1025,0.0,0.0,0.0,0.0,0.35761344435699993,0.0
168210,84.105,0.0,0.0,0.0,0.0,-0.10944911837260002,0.0
172215,86.1075,0.0,0.0,0.0,0.0,0.315390139833,0.0
176220,88.11,0.0,0.0,0.0,0.0,0.07467260956300004,0.0
180225,90.1125,0.0,0.0,0.0,0.0,0.250300824639,0.0
184230,92.115,0.0,0.0,0.0,0.0,0.23876845837800004,0.0
188235,94.1175,0.0,0.0,0.0,0.0,0.19030514359399991,0.0
192240,96.12,0.0,0.0,0.0,0.0,0.10162056982200007,0.0
196245,98.1225,0.0,0.0,0.0,0.0,-0.14636299013300008,0.0
200250,100.125,0.0,0.0,0.0,0.0,0.34708923102,0.0
204255,102.1275,0.0,0.0,0.0,0.0,0.14313247802000006,0.0
208260,104.13,0.0,0.0,0.0,0.0,0.13476443291200002,0.0
212265,106.1325,0.0,0.0,0.0,0.0,0.1501979827760001,0.0
216270,108.135,0.0,0.0,0.0,0.0,0.3947576582400001,0.0
220275,110.1375,0.0,0.0,0.0,0.0,0.24023008345800007,0.0
224280,112.14,0.0,0.0,0.0,0.0,0.2066667378,0.0
228285,114.1425,0.0,0.0,0.0,0.0,0.06800216436399997,0.0
232290,116.145,0.0,0.0,0.0,0.0,0.170791208756,0.0
236295,118.1475,0.0,0.0,0.0,0.0,0.10001727938699995,0.0
240300,120.15,0.0,0.0,0.0,0.0,0.09900152684300012,0.0
244305,122.1525,0.0,0.0,0.0,0.0,0.20444053410799995,0.0
248310,124.155,0.0,0.0,0.0,0.0,0.13275101781000004,0.0
252315,126.1575,0.0,0.0,0.0,0.0,0.28912389278,0.0
256320,128.16,0.0,0.0,0.0,0.0,0.10068994758999994,0.0
260325,130.1625,0.0,0.0,0.0,0.0,0.08990901707100002,0.0
264330,132.165,0.0,0.0,0.0,0.0,0.13587218521899996,0.0
268335,134.1675,0.0,0.0,0.0,0.0,0.2917430698979999,0.0
272340,136.17,0.0,0.0,0.0,0.0,0.11735430360500004,0.0
276345,138.1725,0.0,0.0,0.0,0.0,0.5599784850999999,0.0
280350,140.175,0.0,0.0,0.0,0.0,0.18439975382299995,0.0
284355,142.1775,0.0,0.0,0.0,0.0,0.052616417403999916,0.0
288360,144.18,0.0,0.0,0.0,0.0,0.15995049476899997,0.0
292365,146.1825,0.0,0.0,0.0,0.0,0.23625808955800004,0.0
296370,148.185,0.0,0.0,0.0,0.0,0.20400220155999993,0.0
300375,150.1875,0.0,0.0,0.0,0.0,0.35120865703400006,0.0
304380,152.19,0.0,0.0,0.0,0.0,-0.21422794462549993,0.0
308385,154.1925,0.0,0.0,0.0,0.0,0.3783500194600001,0.0
312390,156.195,0.0,0.0,0.0,0.0,0.4990129917800001,0.0
316395,158.1975,0.0,0.0,0.0,0.0,-0.21842703221299992,0.0
320400,160.2,0.0,0.0,0.0,0.0,0.02851259709100007,0.0
324405,162.2025,0.0,0.0,0.0,0.0,0.09934383631099991,0.0
328410,164.205,0.0,0.0,0.0,0.0,0.32407155634599993,0.0
332415,166.2075,0.0,0.0,0.0,0.0,0.38099071383999994,0.0
336420,168.21,0.0,0.0,0.0,0.0,0.3465510010670001,0.0
340425,170.2125,0.0,0.0,0.0,0.0,0.029401421535000027,0.0
344430,172.215,0.0,0.0,0.0,0.0,0.32537430525199995,0.0
348435,174.2175,0.0,0.0,0.0,0.0,0.14533275364900006,0.0
352440,176.22,0.0,0.0,0.0,0.0,0.564831137668,0.0
356445,178.2225,0.0,0.0,0.0,0.0,0.5266441106739999,0.0
360450,180.225,0.0,0.0,0.0,0.0,0.11817854642299985,0.0
364455,182.2275,0.0,0.0,0.0,0.0,-0.12365829944330009,0.0
368460,184.23,0.0,0.0,0.0,0.0,0.09484112263200006,0.0
372465,186.2325,0.0,0.0,0.0,0.0,0.20897707342,0.0
376470,188.235,0.0,0.0,0.0,0.0,0.1474602818334,0.0
380475,190.2375,0.0,0.0,0.0,0.0,0.3724678754899998,0.0
384480,192.24,0.0,0.0,0.0,0.0,0.5617360174850001,0.0
388485,194.2425,0.0,0.0,0.0,0.0,0.06885015965859992,0.0
392490,196.245,0.0,0.0,0.0,0.0,0.1227994561250001,0.0
396495,198.2475,0.0,0.0,0.0,0.0,0.2960072010739999,0.0
400500,200.25,0.0,0.0,0.0,0.0,-0.04872834682199989,0.0
404505,202.2525,0.0,0.0,0.0,0.0,0.14432495833299985,0.0
408510,204.255,0.0,0.0,0.0,0.0,0.05464860797769999,0.0
412515,206.2575,0.0,0.0,0.0,0.0,0.17282104493400002,0.0
416520,208.26,0.0,0.0,0.0,0.0,0.10160294174979989,0.0
420525,210.2625,0.0,0.0,0.0,0.0,0.006114870309000042,0.0
424530,212.265,0.0,0.0,0.0,0.0,0.36323437094000016,0.0
428535,214.2675,0.0,0.0,0.0,0.0,-0.2558556199100001,0.0
432540,216.27,0.0,0.0,0.0,0.0,0.4016073048211,0.0
436545,218.2725,0.0,0.0,0.0,0.0,0.38500618934400005,0.0
440550,220.275,0.0,0.0,0.0,0.0,-0.008393704897000087,0.0
444555,222.2775,0.0,0.0,0.0,0.0,0.37437687814900017,0.0
448560,224.28,0.0,0.0,0.0,0.0,0.2921154201060001,0.0
452565,226.2825,0.0,0.0,0.0,0.0,0.22215649485599998,0.0
456570,228.285,0.0,0.0,0.0,0.0,0.39808751643499996,0.0
460575,230.2875,0.0,0.0,0.0,0.0,0.1881284713623999,0.0
464580,232.29,0.0,0.0,0.0,0.0,0.43430393933200007,0.0
468585,234.2925,0.0,0.0,0.0,0.0,0.27292290330099994,0.0
472590,236.295,0.0,0.0,0.0,0.0,-0.018158465626800124,0.0
476595,238.2975,0.0,0.0,0.0,0.0,0.34305360914,0.0
480600,240.3,0.0,0.0,0.0,0.0,0.3104282915544,0.0
484605,242.3025,0.0,0.0,0.0,0.0,0.4614411592549999,0.0
488610,244.305,0.0,0.0,0.0,0.0,0.2123381197509,0.0
492615,246.3075,0.0,0.0,0.0,0.0,0.4459476471017101,0.0
496620,248.31,0.0,0.0,0.0,0.0,0.249085769056,0.0
500625,250.3125,0.0,0.0,0.0,0.0,-0.11210621892299993,0.0
504630,252.315,0.0,0.0,0.0,0.0,0.43119573592599997,0.0
508635,254.3175,0.0,0.0,0.0,0.0,0.18177017568699994,0.0
512640,256.32,0.0,0.0,0.0,0.0,0.15336945653099998,0.0
516645,258.3225,0.0,0.0,0.0,0.0,-0.10737368465999997,0.0
520650,260.325,0.0,0.0,0.0,0.0,0.366590738312,0.0
524655,262.3275,0.0,0.0,0.0,0.0,-0.019422605624999978,0.0
528660,264.33,0.0,0.0,0.0,0.0,0.003330022091000029,0.0
532665,266.3325,0.0,0.0,0.0,0.0,0.05654075741999992,0.0
536670,268.335,0.0,0.0,0.0,0.0,0.1245646178680001,0.0
540675,270.3375,0.0,0.0,0.0,0.0,0.123613297934,0.0
544680,272.34,0.0,0.0,0.0,0.0,0.08432453870899992,0.0
548685,274.3425,0.0,0.0,0.0,0.0,0.298301950104,0.0
552690,276.345,0.0,0.0,0.0,0.0,0.17051559686900003,0.0
556695,278.3475,0.0,0.0,0.0,0.0,0.12447348236900008,0.0
560700,280.35,0.0,0.0,0.0,0.0,0.2951602786930001,0.0
564705,282.3525,0.0,0.0,0.0,0.0,0.26392248273100005,0.0
568710,284.355,0.0,0.0,0.0,0.0,0.36025960744,0.0
572715,286.3575,0.0,0.0,0.0,0.0,0.32352025806900003,0.0
576720,288.36,0.0,0.0,0.0,0.0,0.39815653860400013,0.0
580725,290.3625,0.0,0.0,0.0,0.0,0.4133626222570001,0.0
584730,292.365,0.0,0.0,0.0,0.0,0.20847070217269992,0.0
588735,294.3675,0.0,0.0,0.0,0.0,0.05853053925309998,0.0
592740,296.37,0.0,0.0,0.0,0.0,0.157264798873,0.0
596745,298.3725,0.0,0.0,0.0,0.0,0.12099786101699983,0.0
600750,300.375,0.0,0.0,0.0,0.0,0.06990930437700005,0.0
604755,302.3775,0.0,0.0,0.0,0.0,-0.0024616569259999777,0.0
608760,304.38,0.0,0.0,0.0,0.0,0.17634248732000007,0.0
612765,306.3825,0.0,0.0,0.0,0.0,0.35399413108799993,0.0
616770,308.385,0.0,0.0,0.0,0.0,0.15168944000470003,0.0
620775,310.3875,0.0,0.0,0.0,0.0,0.07965895534699996,0.0
624780,312.39,0.0,0.0,0.0,0.0,0.246334731564,0.0
628785,314.3925,0.0,0.0,0.0,0.0,0.3881644308617,0.0
632790,316.395,0.0,0.0,0.0,0.0,0.082557827237,0.0
636795,318.3975,0.0,0.0,0.0,0.0,0.32740858198500006,0.0
640800,320.4,0.0,0.0,0.0,0.0,0.3679934143958001,0.0
644805,322.4025,0.0,0.0,0.0,0.0,0.08143889904900009,0.0
648810,324.405,0.0,0.0,0.0,0.0,0.15907275677699995,0.0
652815,326.4075,0.0,0.0,0.0,0.0,0.09544351696199999,0.0
656820,328.41,0.0,0.0,0.0,0.0,0.010582581156999948,0.0
660825,330.4125,0.0,0.0,0.0,0.0,-0.012623846502999914,0.0
664830,332.415,0.0,0.0,0.0,0.0,-0.03763337432599989,0.0
668835,334.4175,0.0,0.0,0.0,0.0,0.057127296925000126,0.0
672840,336.42,0.0,0.0,0.0,0.0,0.23925919830300002,0.0
676845,338.4225,0.0,0.0,0.0,0.0,-0.05424657463499993,0.0
680850,340.425,0.0,0.0,0.0,0.0,0.015426188711999966,0.0
684855,342.4275,0.0,0.0,0.0,0.0,-0.052942588929000056,0.0
688860,344.43,0.0,0.0,0.0,0.0,0.11628714203699997,0.0
692865,346.4325,0.0,0.0,0.0,0.0,0.3050447106409999,0.0
696870,348.435,0.0,0.0,0.0,0.0,0.17556455731400006,0.0
700875,350.4375,0.0,0.0,0.0,0.0,0.272788658712,0.0
704880,352.44,0.0,0.0,0.0,0.0,0.22307050228599995,0.0
708885,354.4425,0.0,0.0,0.0,0.0,-0.05971971154399991,0.0
712890,356.445,0.0,0.0,0.0,0.0,0.20346353947179996,0.0
716895,358.4475,0.0,0.0,0.0,0.0,0.08516407013499999,0.0
720900,360.45,0.0,0.0,0.0,0.0,0.3050451278762999,0.0
724905,362.4525,0.0,0.0,0.0,0.0,0.3941501081094001,0.0
728910,364.455,0.0,0.0,0.0,0.0,0.4391976743839999,0.0
732915,366.4575,0.0,0.0,0.0,0.0,0.14098270237299998,0.0
736920,368.46,0.0,0.0,0.0,0.0,0.12897805868599987,0.0
740925,370.4625,0.0,0.0,0.0,0.0,0.41164068878099996,0.0
744930,372.465,0.0,0.0,0.0,0.0,0.18705971541400013,0.0
748935,374.4675,0.0,0.0,0.0,0.0,0.16785076260690007,0.0
752940,376.47,0.0,0.0,0.0,0.0,0.14306578041299983,0.0
756945,378.4725,0.0,0.0,0.0,0.0,0.09443704782499995,0.0
760950,380.475,0.0,0.0,0.0,0.0,0.09211584925700012,0.0
764955,382.4775,0.0,0.0,0.0,0.0,0.34532718359199993,0.0
768960,384.48,0.0,0.0,0.0,0.0,0.18559457362999998,0.0
772965,386.4825,0.0,0.0,0.0,0.0,0.18183360995300002,0.0
776970,388.485,0.0,0.0,0.0,0.0,0.23897853495300003,0.0
780975,390.4875,0.0,0.0,0.0,0.0,0.32400803268199985,0.0
784980,392.49,0.0,0.0,0.0,0.0,0.08171318470459998,0.0
788985,394.4925,0.0,0.0,0.0,0.0,0.18180480597900012,0.0
792990,396.495,0.0,0.0,0.0,0.0,0.311972007161,0.0
796995,398.4975,0.0,0.0,0.0,0.0,0.09247736631599995,0.0
801000,400.5,0.0,0.0,0.0,0.0,0.15302231906599995,0.0
805005,402.5025,0.0,0.0,0.0,0.0,0.19523343444100005,0.0
809010,404.505,0.0,0.0,0.0,0.0,0.29125879704499996,0.0
813015,406.5075,0.0,0.0,0.0,0.0,0.415849149209,0.0
817020,408.51,0.0,0.0,0.0,0.0,0.2864804416874002,0.0
821025,410.5125,0.0,0.0,0.0,0.0,0.2854265719759998,0.0
825030,412.515,0.0,0.0,0.0,0.0,0.05024352670500004,0.0
829035,414.5175,0.0,0.0,0.0,0.0,0.111984267827,0.0
833040,416.52,0.0,0.0,0.0,0.0,0.28317290545199986,0.0
837045,418.5225,0.0,0.0,0.0,0.0,-0.15505754947000006,0.0
841050,420.525,0.0,0.0,0.0,0.0,0.05909387766700003,0.0
845055,422.5275,0.0,0.0,0.0,0.0,0.05852353574149999,0.0
849060,424.53,0.0,0.0,0.0,0.0,0.2838110625610001,0.0
853065,426.5325,0.0,0.0,0.0,0.0,0.18818971514599997,0.0
857070,428.535,0.0,0.0,0.0,0.0,0.11609759928310004,0.0
861075,430.5375,0.0,0.0,0.0,0.0,-0.010417029277999978,0.0
865080,432.54,0.0,0.0,0.0,0.0,0.15758541227189998,0.0
869085,434.5425,0.0,0.0,0.0,0.0,0.05664494634599987,0.0
873090,436.545,0.0,0.0,0.0,0.0,0.15782047808699978,0.0
877095,438.5475,0.0,0.0,0.0,0.0,0.40001012383299994,0.0
881100,440.55,0.0,0.0,0.0,0.0,0.33782643081867014,0.0
885105,442.5525,0.0,0.0,0.0,0.0,-0.0026454925489999837,0.0
889110,444.555,0.0,0.0,0.0,0.0,0.07066541911000002,0.0
893115,446.5575,0.0,0.0,0.0,0.0,0.11311465501799994,0.0
897120,448.56,0.0,0.0,0.0,0.0,0.053822144858000076,0.0
901125,450.5625,0.0,0.0,0.0,0.0,0.14688728750789998,0.0
905130,452.565,0.0,0.0,0.0,0.0,0.09270727633300008,0.0
909135,454.5675,0.0,0.0,0.0,0.0,0.06827409567336001,0.0
913140,456.57,0.0,0.0,0.0,0.0,0.022632241263000064,0.0
917145,458.5725,0.0,0.0,0.0,0.0,0.06780585646300002,0.0
921150,460.575,0.0,0.0,0.0,0.0,0.290678128573,0.0
925155,462.5775,0.0,0.0,0.0,0.0,0.08994011580359984,0.0
929160,464.58,0.0,0.0,0.0,0.0,0.20604372023789985,0.0
933165,466.5825,0.0,0.0,0.0,0.0,0.2730301767649999,0.0
937170,468.585,0.0,0.0,0.0,0.0,0.15559813380099985,0.0
941175,470.5875,0.0,0.0,0.0,0.0,0.02478018404299992,0.0
945180,472.59,0.0,0.0,0.0,0.0,0.08342276513960006,0.0
949185,474.5925,0.0,0.0,0.0,0.0,-0.08893913032100015,0.0
953190,476.595,0.0,0.0,0.0,0.0,0.13230836391100004,0.0
957195,478.5975,0.0,0.0,0.0,0.0,0.03684249520879995,0.0
961200,480.6,0.0,0.0,0.0,0.0,0.010123133660999983,0.0
965205,482.6025,0.0,0.0,0.0,0.0,0.24694950877799998,0.0
969210,484.605,0.0,0.0,0.0,0.0,0.153948843484,0.0
973215,486.6075,0.0,0.0,0.0,0.0,0.14293166994000006,0.0
977220,488.61,0.0,0.0,0.0,0.0,0.008007928716999957,0.0
981225,490.6125,0.0,0.0,0.0,0.0,0.076998069876,0.0
985230,492.615,0.0,0.0,0.0,0.0,0.1893918812218,0.0
989235,494.6175,0.0,0.0,0.0,0.0,-0.05784958599999984,0.0
993240,496.62,0.0,0.0,0.0,0.0,0.08751749992399988,0.0
997245,498.6225,0.0,0.0,0.0,0.0,0.13346347211100001,0.0
1001250,500.625,0.0,0.0,0.0,0.0,0.20210810005399993,0.0
1005255,502.6275,0.0,0.0,0.0,0.0,0.2795254439135,0.0
1009260,504.63,0.0,0.0,0.0,0.0,0.17837029696339995,0.0
1013265,506.6325,0.0,0.0,0.0,0.0,-0.019680023208999975,0.0
1017270,508.635,0.0,0.0,0.0,0.0,0.32625471055799987,0.0
1021275,510.6375,0.0,0.0,0.0,0.0,0.22666089237250003,0.0
1025280,512.64,0.0,0.0,0.0,0.0,0.23889982697799983,0.0
1029285,514.6425,0.0,0.0,0.0,0.0,0.12923480569200002,0.0
1033290,516.645,0.0,0.0,0.0,0.0,0.01529926061100012,0.0
1037295,518.6475,0.0,0.0,0.0,0.0,0.29389919340250004,0.0
1041300,520.65,0.0,0.0,0.0,0.0,0.05563496053200001,0.0
1045305,522.6525,0.0,0.0,0.0,0.0,0.1553552597779999,0.0
1049310,524.655,0.0,0.0,0.0,0.0,-0.015590146189999876,0.0
1053315,526.6575,0.0,0.0,0.0,0.0,0.19324369727500001,0.0
1057320,528.66,0.0,0.0,0.0,0.0,-0.058148950335000005,0.0
1061325,530.6625,0.0,0.0,0.0,0.0,0.06264019013099986,0.0
1065330,532.665,0.0,0.0,0.0,0.0,0.35788315536,0.0
1069335,534.6675,0.0,0.0,0.0,0.0,-0.0028786212129999766,0.0
1073340,536.67,0.0,0.0,0.0,0.0,0.18837417660599992,0.0
1077345,538.6725,0.0,0.0,0.0,0.0,0.05640619992000012,0.0
1081350,540.675,0.0,0.0,0.0,0.0,0.01706781983100003,0.0
1085355,542.6775,0.0,0.0,0.0,0.0,0.12410500646499989,0.0
1089360,544.68,0.0,0.0,0.0,0.0,0.03770239650799995,0.0
1093365,546.6825,0.0,0.0,0.0,0.0,0.13052983580290017,0.0
1097370,548.685,0.0,0.0,0.0,0.0,0.13761802018999997,0.0
1101375,550.6875,0.0,0.0,0.0,0.0,0.12960295378699999,0.0
1105380,552.69,0.0,0.0,0.0,0.0,-0.026458293196999938,0.0
1109385,554.6925,0.0,0.0,0.0,0.0,0.009270891539000015,0.0
1113390,556.695,0.0,0.0,0.0,0.0,0.04578042030499996,0.0
1117395,558.6975,0.0,0.0,0.0,0.0,0.2001325488000001,0.0
1121400,560.7,0.0,0.0,0.0,0.0,0.20717386900380003,0.0
1125405,562.7025,0.0,0.0,0.0,0.0,0.21870405971700008,0.0
1129410,564.705,0.0,0.0,0.0,0.0,0.123221114282,0.0
1133415,566.7075,0.0,0.0,0.0,0.0,0.16039535403400002,0.0
1137420,568.71,0.0,0.0,0.0,0.0,0.1418237835179999,0.0
1141425,570.7125,0.0,0.0,0.0,0.0,0.29908636212899997,0.0
1145430,572.715,0.0,0.0,0.0,0.0,0.302306994799,0.0
1149435,574.7175,0.0,0.0,0.0,0.0,0.3148202598040001,0.0
1153440,576.72,0.0,0.0,0.0,0.0,0.08325749636600005,0.0
1157445,578.7225,0.0,0.0,0.0,0.0,0.28466823696499993,0.0
1161450,580.725,0.0,0.0,0.0,0.0,-0.07635580005000003,0.0
1165455,582.7275,0.0,0.0,0.0,0.0,0.22641412914000003,0.0
1169460,584.73,0.0,0.0,0.0,0.0,0.08272050322000007,0.0
1173465,586.7325,0.0,0.0,0.0,0.0,-0.04546186327800017,0.0
1177470,588.735,0.0,0.0,0.0,0.0,0.17052935063999985,0.0
1181475,590.7375,0.0,0.0,0.0,0.0,0.28176769615100006,0.0
1185480,592.74,0.0,0.0,0.0,0.0,-0.013899981973000075,0.0
1189485,594.7425,0.0,0.0,0.0,0.0,-0.00848583875800002,0.0
1193490,596.745,0.0,0.0,0.0,0.0,0.34713649749000003,0.0
1197495,598.7475,0.0,0.0,0.0,0.0,0.2928003519919999,0.0
1201500,600.75,0.0,0.0,0.0,0.0,0.17788648605100005,0.0
1205505,602.7525,0.0,0.0,0.0,0.0,0.12817634642600007,0.0
1209510,604.755,0.0,0.0,0.0,0.0,0.2374722659609999,0.0
1213515,606.7575,0.0,0.0,0.0,0.0,0.07741607725399996,0.0
1217520,608.76,0.0,0.0,0.0,0.0,0.039852321152999914,0.0
1221525,610.7625,0.0,0.0,0.0,0.0,0.08928944169299996,0.0
1225530,612.765,0.0,0.0,0.0,0.0,0.319324016566,0.0
1229535,614.7675,0.0,0.0,0.0,0.0,0.2278273254890001,0.0
1233540,616.77,0.0,0.0,0.0,0.0,0.061247676589000044,0.0
1237545,618.7725,0.0,0.0,0.0,0.0,0.042157158257000005,0.0
1241550,620.775,0.0,0.0,0.0,0.0,0.28254285454300004,0.0
1245555,622.7775,0.0,0.0,0.0,0.0,-0.07119825482800002,0.0
1249560,624.78,0.0,0.0,0.0,0.0,0.274923667315,0.0
1253565,626.7825,0.0,0.0,0.0,0.0,0.075528353464,0.0
1257570,628.785,0.0,0.0,0.0,0.0,0.11184091865200008,0.0
1261575,630.7875,0.0,0.0,0.0,0.0,0.16141787171600014,0.0
1265580,632.79,0.0,0.0,0.0,0.0,0.09108331800700004,0.0
1269585,634.7925,0.0,0.0,0.0,0.0,0.01785472033600005,0.0
1273590,636.795,0.0,0.0,0.0,0.0,-0.042847797277,0.0
1277595,638.7975,0.0,0.0,0.0,0.0,0.06798849999800005,0.0
1281600,640.8,0.0,0.0,0.0,0.0,-0.10702948270199991,0.0
1285605,642.8025,0.0,0.0,0.0,0.0,0.024281039826999973,0.0
1289610,644.805,0.0,0.0,0.0,0.0,0.11045219003700002,0.0
1293615,646.8075,0.0,0.0,0.0,0.0,0.20136028529099997,0.0
1297620,648.81,0.0,0.0,0.0,0.0,0.25528751314700004,0.0
1301625,650.8125,0.0,0.0,0.0,0.0,-0.007115527986999881,0.0
1305630,652.815,0.0,0.0,0.0,0.0,0.16819469631900008,0.0
1309635,654.8175,0.0,0.0,0.0,0.0,0.01642331480199999,0.0
1313640,656.82,0.0,0.0,0.0,0.0,0.15390816331600016,0.0
1317645,658.8225,0.0,0.0,0.0,0.0,0.1350461840729999,0.0
1321650,660.825,0.0,0.0,0.0,0.0,0.149396374828,0.0
1325655,662.8275,0.0,0.0,0.0,0.0,0.23424194752100008,0.0
1329660,664.83,0.0,0.0,0.0,0.0,-0.06282266975800005,0.0
1333665,666.8325,0.0,0.0,0.0,0.0,0.12253643572300005,0.0
1337670,668.835,0.0,0.0,0.0,0.0,-0.12998631597799998,0.0
1341675,670.8375,0.0,0.0,0.0,0.0,0.27399072052420004,0.0
1345680,672.84,0.0,0.0,0.0,0.0,0.16976486146999986,0.0
1349685,674.8425,0.0,0.0,0.0,0.0,0.0581838339549999,0.0
1353690,676.845,0.0,0.0,0.0,0.0,0.04325443505099996,0.0
1357695,678.8475,0.0,0.0,0.0,0.0,0.13873848317799986,0.0
1361700,680.85,0.0,0.0,0.0,0.0,0.026256814590999877,0.0
1365705,682.8525,0.0,0.0,0.0,0.0,0.08292117715799996,0.0
1369710,684.855,0.0,0.0,0.0,0.0,0.15506413579,0.0
1373715,686.8575,0.0,0.0,0.0,0.0,0.061537414777999955,0.0
1377720,688.86,0.0,0.0,0.0,0.0,0.2264799922789999,0.0
1381725,690.8625,0.0,0.0,0.0,0.0,0.020387962474999966,0.0
1385730,692.865,0.0,0.0,0.0,0.0,0.12526594101999988,0.0
1389735,694.8675,0.0,0.0,0.0,0.0,0.030127584937000018,0.0
1393740,696.87,0.0,0.0,0.0,0.0,0.07710072399500012,0.0
1397745,698.8725,0.0,0.0,0.0,0.0,-0.1038801968039999,0.0
1401750,700.875,0.0,0.0,0.0,0.0,0.12761732934699999,0.0
1405755,702.8775,0.0,0.0,0.0,0.0,0.26982231437539994,0.0
1409760,704.88,0.0,0.0,0.0,0.0,0.2028201371579999,0.0
1413765,706.8825,0.0,0.0,0.0,0.0,-0.10937601330599994,0.0
1417770,708.885,0.0,0.0,0.0,0.0,0.12124338747600005,0.0
1421775,710.8875,0.0,0.0,0.0,0.0,-0.008984804147999903,0.0
1425780,712.89,0.0,0.0,0.0,0.0,0.09688344597300008,0.0
1429785,714.8925,0.0,0.0,0.0,0.0,0.08612760900536987,0.0
1433790,716.895,0.0,0.0,0.0,0.0,0.12308964133600009,0.0
1437795,718.8975,0.0,0.0,0.0,0.0,0.21650873124499997,0.0
1441800,720.9,0.0,0.0,0.0,0.0,0.28398610651050005,0.0
1445805,722.9025,0.0,0.0,0.0,0.0,0.176118612274,0.0
1449810,724.905,0.0,0.0,0.0,0.0,0.24851883946299996,0.0
1453815,726.9075,0.0,0.0,0.0,0.0,0.22057518361899997,0.0
1457820,728.91,0.0,0.0,0.0,0.0,-0.023634567864000033,0.0
1461825,730.9125,0.0,0.0,0.0,0.0,0.06341685354200005,0.0
1465830,732.915,0.0,0.0,0.0,0.0,0.2815381288460001,0.0
1469835,734.9175,0.0,0.0,0.0,0.0,0.27115821839079984,0.0
1473840,736.92,0.0,0.0,0.0,0.0,0.184644594788,0.0
1477845,738.9225,0.0,0.0,0.0,0.0,0.189711511133,0.0
1481850,740.925,0.0,0.0,0.0,0.0,0.16387191416300007,0.0
1485855,742.9275,0.0,0.0,0.0,0.0,0.24287538230470007,0.0
1489860,744.93,0.0,0.0,0.0,0.0,0.022304520011000084,0.0
1493865,746.9325,0.0,0.0,0.0,0.0,0.10541328787999998,0.0
1497870,748.935,0.0,0.0,0.0,0.0,0.13125678895800008,0.0
1501875,750.9375,0.0,0.0,0.0,0.0,0.036487087592999845,0.0
1505880,752.94,0.0,0.0,0.0,0.0,0.12420180440799994,0.0
1509885,754.9425,0.0,0.0,0.0,0.0,0.3500918894874999,0.0
1513890,756.945,0.0,0.0,0.0,0.0,0.03167898950100001,0.0
1517895,758.9475,0.0,0.0,0.0,0.0,0.19924846290769987,0.0
1521900,760.95,0.0,0.0,0.0,0.0,0.21303206682299985,0.0
1525905,762.9525,0.0,0.0,0.0,0.0,0.36727452277899997,0.0
1529910,764.955,0.0,0.0,0.0,0.0,0.13128019868299995,0.0
1533915,766.9575,0.0,0.0,0.0,0.0,0.07845169305299987,0.0
1537920,768.96,0.0,0.0,0.0,0.0,0.17513227463800018,0.0
1541925,770.9625,0.0,0.0,0.0,0.0,0.28092387320299983,0.0
1545930,772.965,0.0,0.0,0.0,0.0,0.29738037287800007,0.0
1549935,774.9675,0.0,0.0,0.0,0.0,0.0506013631829999,0.0
1553940,776.97,0.0,0.0,0.0,0.0,0.21410688756899998,0.0
1557945,778.9725,0.0,0.0,0.0,0.0,0.08656565844200009,0.0
1561950,780.975,0.0,0.0,0.0,0.0,-0.009452044948000116,0.0
1565955,782.9775,0.0,0.0,0.0,0.0,0.13501632213100007,0.0
1569960,784.98,0.0,0.0,0.0,0.0,0.14072382449499987,0.0
1573965,786.9825,0.0,0.0,0.0,0.0,0.045472428208000015,0.0
1577970,788.985,0.0,0.0,0.0,0.0,0.138880997891,0.0
1581975,790.9875,0.0,0.0,0.0,0.0,0.27879817785000005,0.0
1585980,792.99,0.0,0.0,0.0,0.0,0.17152526974199994,0.0
1589985,794.9925,0.0,0.0,0.0,0.0,0.08093215524900005,0.0
1593990,796.995,0.0,0.0,0.0,0.0,0.07833364603999998,0.0
1597995,798.9975,0.0,0.0,0.0,0.0,0.19293269516399997,0.0
1602000,801.0,0.0,0.0,0.0,0.0,-0.015609592202999845,0.0
1606005,803.0025,0.0,0.0,0.0,0.0,0.04420703648699997,0.0
1610010,805.005,0.0,0.0,0.0,0.0,0.06174844501700005,0.0
1614015,807.0075,0.0,0.0,0.0,0.0,0.29008965193700004,0.0
1618020,809.01,0.0,0.0,0.0,0.0,0.01548361779300006,0.0
1622025,811.0125,0.0,0.0,0.0,0.0,0.13950958849299994,0.0
1626030,813.015,0.0,0.0,0.0,0.0,-0.05084079504999994,0.0
1630035,815.0175,0.0,0.0,0.0,0.0,-0.0012682825269999531,0.0
1634040,817.02,0.0,0.0,0.0,0.0,0.07582275568499997,0.0
1638045,819.0225,0.0,0.0,0.0,0.0,0.06143836679500003,0.0
1642050,821.025,0.0,0.0,0.0,0.0,0.18619495630299981,0.0
1646055,823.0275,0.0,0.0,0.0,0.0,0.12169292567199996,0.0
1650060,825.03,0.0,0.0,0.0,0.0,0.10078689455899992,0.0
1654065,827.0325,0.0,0.0,0.0,0.0,0.14019744097499992,0.0
1658070,829.035,0.0,0.0,0.0,0.0,0.06587038933200007,0.0
1662075,831.0375,0.0,0.0,0.0,0.0,0.1537155955749998,0.0
1666080,833.04,0.0,0.0,0.0,0.0,0.06557105482499997,0.0
1670085,835.0425,0.0,0.0,0.0,0.0,0.19360454379799996,0.0
1674090,837.045,0.0,0.0,0.0,0.0,0.14236031471900013,0.0
1678095,839.0475,0.0,0.0,0.0,0.0,0.16151699424000004,0.0
1682100,841.05,0.0,0.0,0.0,0.0,0.14529049397000005,0.0
1686105,843.0525,0.0,0.0,0.0,0.0,0.0793716460430001,0.0
1690110,845.055,0.0,0.0,0.0,0.0,0.1212647110139998,0.0
1694115,847.0575,0.0,0.0,0.0,0.0,-0.040397137421999935,0.0
1698120,849.06,0.0,0.0,0.0,0.0,0.11178405583099998,0.0
1702125,851.0625,0.0,0.0,0.0,0.0,0.359445378181,0.0
1706130,853.065,0.0,0.0,0.0,0.0,0.14781932533500008,0.0
1710135,855.0675,0.0,0.0,0.0,0.0,0.23311762513599993,0.0
1714140,857.07,0.0,0.0,0.0,0.0,0.039104387158000076,0.0
1718145,859.0725,0.0,0.0,0.0,0.0,0.17018163206099984,0.0
1722150,861.075,0.0,0.0,0.0,0.0,0.19589275119399996,0.0
1726155,863.0775,0.0,0.0,0.0,0.0,0.1505217850270001,0.0
1730160,865.08,0.0,0.0,0.0,0.0,0.189258903282,0.0
1734165,867.0825,0.0,0.0,0.0,0.0,0.28783698381000006,0.0
1738170,869.085,0.0,0.0,0.0,0.0,0.15871624648000004,0.0
1742175,871.0875,0.0,0.0,0.0,0.0,0.2515564411880001,0.0
1746180,873.09,0.0,0.0,0.0,0.0,-0.004294186824999935,0.0
1750185,875.0925,0.0,0.0,0.0,0.0,0.23458375036500007,0.0
1754190,877.095,0.0,0.0,0.0,0.0,0.19125707446500007,0.0
1758195,879.0975,0.0,0.0,0.0,0.0,0.14699849486700012,0.0
1762200,881.1,0.0,0.0,0.0,0.0,0.015284702186999843,0.0
1766205,883.1025,0.0,0.0,0.0,0.0,0.16074438392899987,0.0
1770210,885.105,0.0,0.0,0.0,0.0,0.20560942588400016,0.0
1774215,887.1075,0.0,0.0,0.0,0.0,-0.07462202012899982,0.0
1778220,889.11,0.0,0.0,0.0,0.0,0.21637752651300007,0.0
1782225,891.1125,0.0,0.0,0.0,0.0,0.11251904071999996,0.0
1786230,893.115,0.0,0.0,0.0,0.0,0.06565991045399999,0.0
1790235,895.1175,0.0,0.0,0.0,0.0,0.1206113398169999,0.0
1794240,897.12,0.0,0.0,0.0,0.0,0.21254408358400007,0.0
1798245,899.1225,0.0,0.0,0.0,0.0,0.13283172249399983,0.0
1802250,901.125,0.0,0.0,0.0,0.0,0.03600956500499991,0.0
1806255,903.1275,0.0,0.0,0.0,0.0,0.13833931088299994,0.0
1810260,905.13,0.0,0.0,0.0,0.0,0.366760060181,0.0
1814265,907.1325,0.0,0.0,0.0,0.0,0.28866383432,0.0
1818270,909.135,0.0,0.0,0.0,0.0,0.3625716715909999,0.0
1822275,911.1375,0.0,0.0,0.0,0.0,0.2935829758480001,0.0
1826280,913.14,0.0,0.0,0.0,0.0,-0.051588639609000064,0.0
1830285,915.1425,0.0,0.0,0.0,0.0,0.06633879243399998,0.0
1834290,917.145,0.0,0.0,0.0,0.0,0.13383343816499987,0.0
1838295,919.1475,0.0,0.0,0.0,0.0,0.04754219950600003,0.0
1842300,921.15,0.0,0.0,0.0,0.0,0.15828698873300007,0.0
1846305,923.1525,0.0,0.0,0.0,0.0,0.05352638661500014,0.0
1850310,925.155,0.0,0.0,0.0,0.0,0.09794007240200009,0.0
1854315,927.1575,0.0,0.0,0.0,0.0,0.16110290588799997,0.0
1858320,929.16,0.0,0.0,0.0,0.0,0.079650998134,0.0
1862325,931.1625,0.0,0.0,0.0,0.0,-0.014466002570000025,0.0
1866330,933.165,0.0,0.0,0.0,0.0,0.10642874240300004,0.0
1870335,935.1675,0.0,0.0,0.0,0.0,0.09217418730600002,0.0
1874340,937.17,0.0,0.0,0.0,0.0,0.155526459231,0.0
1878345,939.1725,0.0,0.0,0.0,0.0,0.12801107763599995,0.0
1882350,941.175,0.0,0.0,0.0,0.0,0.20736765862399986,0.0
1886355,943.1775,0.0,0.0,0.0,0.0,0.06486262383399993,0.0
1890360,945.18,0.0,0.0,0.0,0.0,0.06495332717500019,0.0
1894365,947.1825,0.0,0.0,0.0,0.0,0.06775301696199998,0.0
1898370,949.185,0.0,0.0,0.0,0.0,0.226670160879,0.0
1902375,951.1875,0.0,0.0,0.0,0.0,0.12871728838399998,0.0
1906380,953.19,0.0,0.0,0.0,0.0,0.09736168384699995,0.0
1910385,955.1925,0.0,0.0,0.0,0.0,0.3245413005370002,0.0
1914390,957.195,0.0,0.0,0.0,0.0,-0.01346784830099984,0.0
1918395,959.1975,0.0,0.0,0.0,0.0,0.12115634979000006,0.0
1922400,961.2,0.0,0.0,0.0,0.0,0.20513561368299998,0.0
1926405,963.2025,0.0,0.0,0.0,0.0,0.12901747225900007,0.0
1930410,965.205,0.0,0.0,0.0,0.0,0.14058244228600003,0.0
1934415,967.2075,0.0,0.0,0.0,0.0,0.16984240710200005,0.0
1938420,969.21,0.0,0.0,0.0,0.0,-0.040024846786000046,0.0
1942425,971.2125,0.0,0.0,0.0,0.0,0.24090535938899998,0.0
1946430,973.215,0.0,0.0,0.0,0.0,0.2092164456759999,0.0
1950435,975.2175,0.0,0.0,0.0,0.0,0.026594236486999934,0.0
1954440,977.22,0.0,0.0,0.0,0.0,0.017324998986000095,0.0
1958445,979.2225,0.0,0.0,0.0,0.0,0.14487116038199999,0.0
1962450,981.225,0.0,0.0,0.0,0.0,0.08813332022499992,0.0
1966455,983.2275,0.0,0.0,0.0,0.0,0.077162995944,0.0
1970460,985.23,0.0,0.0,0.0,0.0,0.24001526833799997,0.0
1974465,987.2325,0.0,0.0,0.0,0.0,0.28931362927399984,0.0
1978470,989.235,0.0,0.0,0.0,0.0,0.1708444356990002,0.0
1982475,991.2375,0.0,0.0,0.0,0.0,0.07823975384299986,0.0
1986480,993.24,0.0,0.0,0.0,0.0,0.05644331871000008,0.0
1990485,995.2425,0.0,0.0,0.0,0.0,0.1867649555349999,0.0
1994490,997.245,0.0,0.0,0.0,0.0,0.07956765592600018,0.0
1998495,999.2475,0.0,0.0,0.0,0.0,0.09338253737599986,0.0
2002500,1001.25,0.0,0.0,0.0,0.0,0.007059857248000123,0.0
2006505,1003.2525,0.0,0.0,0.0,0.0,0.14421781897300015,0.0
2010510,1005.255,0.0,0.0,0.0,0.0,0.16979521512599996,0.0
2014515,1007.2575,0.0,0.0,0.0,0.0,0.29900434613400007,0.0
2018520,1009.26,0.0,0.0,0.0,0.0,0.1631783097960001,0.0
2022525,1011.2625,0.0,0.0,0.0,0.0,0.04076866807499996,0.0
2026530,1013.265,0.0,0.0,0.0,0.0,0.15720711646300006,0.0
2030535,1015.2675,0.0,0.0,0.0,0.0,0.13981483878000003,0.0
2034540,1017.27,0.0,0.0,0.0,0.0,0.293809771519,0.0
2038545,1019.2725,0.0,0.0,0.0,0.0,0.15396325290000004,0.0
2042550,1021.275,0.0,0.0,0.0,0.0,0.3089075833589999,0.0
2046555,1023.2775,0.0,0.0,0.0,0.0,0.13011351228,0.0
2050560,1025.28,0.0,0.0,0.0,0.0,0.12366598844999988,0.0
2054565,1027.2825,0.0,0.0,0.0,0.0,-0.012702688570000037,0.0
2058570,1029.285,0.0,0.0,0.0,0.0,0.21241246165,0.0
2062575,1031.2875,0.0,0.0,0.0,0.0,0.21251662075200017,0.0
2066580,1033.29,0.0,0.0,0.0,0.0,0.08910591901100007,0.0
2070585,1035.2925,0.0,0.0,0.0,0.0,0.19690760970400012,0.0
2074590,1037.295,0.0,0.0,0.0,0.0,0.258246749636,0.0
2078595,1039.2975,0.0,0.0,0.0,0.0,0.076992750164,0.0
2082600,1041.3,0.0,0.0,0.0,0.0,0.14746434988000004,0.0
2086605,1043.3025,0.0,0.0,0.0,0.0,0.18531833588600002,0.0
2090610,1045.305,0.0,0.0,0.0,0.0,0.14655545354000002,0.0
2094615,1047.3075,0.0,0.0,0.0,0.0,0.18329159915699988,0.0
2098620,1049.31,0.0,0.0,0.0,0.0,0.2076062410910001,0.0
2102625,1051.3125,0.0,0.0,0.0,0.0,0.1159855723410001,0.0
2106630,1053.315,0.0,0.0,0.0,0.0,0.16380281747499992,0.0
2110635,1055.3175,0.0,0.0,0.0,0.0,0.07258959114799998,0.0
2114640,1057.32,0.0,0.0,0.0,0.0,0.16298396886599986,0.0
2118645,1059.3225,0.0,0.0,0.0,0.0,0.20342476666000017,0.0
2122650,1061.325,0.0,0.0,0.0,0.0,0.17308069766,0.0
2126655,1063.3275,0.0,0.0,0.0,0.0,0.11796092985999981,0.0
2130660,1065.33,0.0,0.0,0.0,0.0,0.2829669266920001,0.0
2134665,1067.3325,0.0,0.0,0.0,0.0,0.308508574947,0.0
2138670,1069.335,0.0,0.0,0.0,0.0,0.12588568031499991,0.0
2142675,1071.3375,0.0,0.0,0.0,0.0,0.16797502339000006,0.0
2146680,1073.34,0.0,0.0,0.0,0.0,0.010853245860000083,0.0
2150685,1075.3425,0.0,0.0,0.0,0.0,-0.030253544460000253,0.0
2154690,1077.345,0.0,0.0,0.0,0.0,0.17937165498600013,0.0
2158695,1079.3475,0.0,0.0,0.0,0.0,0.28173440694299995,0.0
2162700,1081.35,0.0,0.0,0.0,0.0,0.03470644353999999,0.0
2166705,1083.3525,0.0,0.0,0.0,0.0,0.10178744792999997,0.0
2170710,1085.355,0.0,0.0,0.0,0.0,0.22264836727999995,0.0
2174715,1087.3575,0.0,0.0,0.0,0.0,0.2263879030929999,0.0
2178720,1089.36,0.0,0.0,0.0,0.0,0.1881311237799999,0.0
2182725,1091.3625,0.0,0.0,0.0,0.0,0.022412702459999878,0.0
2186730,1093.365,0.0,0.0,0.0,0.0,0.372402250763,0.0
2190735,1095.3675,0.0,0.0,0.0,0.0,0.1040926277700002,0.0
2194740,1097.37,0.0,0.0,0.0,0.0,0.26615349950300005,0.0
2198745,1099.3725,0.0,0.0,0.0,0.0,0.32273006439400004,0.0
2202750,1101.375,0.0,0.0,0.0,0.0,0.13963069021600005,0.0
2206755,1103.3775,0.0,0.0,0.0,0.0,-0.044082060460000044,0.0
2210760,1105.38,0.0,0.0,0.0,0.0,0.278007790453,0.0
2214765,1107.3825,0.0,0.0,0.0,0.0,-0.10052180290999993,0.0
2218770,1109.385,0.0,0.0,0.0,0.0,0.0691670477400001,0.0
2222775,1111.3875,0.0,0.0,0.0,0.0,0.18571922184000006,0.0
2226780,1113.39,0.0,0.0,0.0,0.0,0.24665556845499992,0.0
2230785,1115.3925,0.0,0.0,0.0,0.0,0.08060157297800011,0.0
2234790,1117.395,0.0,0.0,0.0,0.0,0.1646742671630001,0.0
2238795,1119.3975,0.0,0.0,0.0,0.0,0.2102088332120001,0.0
2242800,1121.4,0.0,0.0,0.0,0.0,0.14118677377300004,0.0
2246805,1123.4025,0.0,0.0,0.0,0.0,0.12542422115999996,0.0
2250810,1125.405,0.0,0.0,0.0,0.0,0.22333627939700013,0.0
2254815,1127.4075,0.0,0.0,0.0,0.0,0.1422991603700001,0.0
2258820,1129.41,0.0,0.0,0.0,0.0,0.22814881802300002,0.0
2262825,1131.4125,0.0,0.0,0.0,0.0,0.08229865133,0.0
2266830,1133.415,0.0,0.0,0.0,0.0,0.2559302598250002,0.0
2270835,1135.4175,0.0,0.0,0.0,0.0,0.23933334649300003,0.0
2274840,1137.42,0.0,0.0,0.0,0.0,0.2915960848279999,0.0
2278845,1139.4225,0.0,0.0,0.0,0.0,0.18767963349700006,0.0
2282850,1141.425,0.0,0.0,0.0,0.0,0.09042261541999999,0.0
2286855,1143.4275,0.0,0.0,0.0,0.0,0.10651654004999991,0.0
2290860,1145.43,0.0,0.0,0.0,0.0,0.10102726517999999,0.0
2294865,1147.4325,0.0,0.0,0.0,0.0,0.2616098970219999,0.0
2298870,1149.435,0.0,0.0,0.0,0.0,0.11423447728000011,0.0
2302875,1151.4375,0.0,0.0,0.0,0.0,0.09043233095300005,0.0
2306880,1153.44,0.0,0.0,0.0,0.0,0.15939617158000008,0.0
2310885,1155.4425,0.0,0.0,0.0,0.0,0.04653182625999985,0.0
2314890,1157.445,0.0,0.0,0.0,0.0,0.16499298812400012,0.0
2318895,1159.4475,0.0,0.0,0.0,0.0,0.11020745336999999,0.0
2322900,1161.45,0.0,0.0,0.0,0.0,0.05295762420700009,0.0
2326905,1163.4525,0.0,0.0,0.0,0.0,0.09176541865000007,0.0
2330910,1165.455,0.0,0.0,0.0,0.0,0.12887811660899992,0.0
2334915,1167.4575,0.0,0.0,0.0,0.0,-0.05996732414000003,0.0
2338920,1169.46,0.0,0.0,0.0,0.0,0.09276238084999996,0.0
2342925,1171.4625,0.0,0.0,0.0,0.0,0.19754505159,0.0
2346930,1173.465,0.0,0.0,0.0,0.0,0.24640375375699997,0.0
2350935,1175.4675,0.0,0.0,0.0,0.0,0.17756055296000012,0.0
2354940,1177.47,0.0,0.0,0.0,0.0,0.30858594181599985,0.0
2358945,1179.4725,0.0,0.0,0.0,0.0,0.07395416498000013,0.0
2362950,1181.475,0.0,0.0,0.0,0.0,0.08159169553999993,0.0
2366955,1183.4775,0.0,0.0,0.0,0.0,0.006502941239999976,0.0
2370960,1185.48,0.0,0.0,0.0,0.0,0.15674313902899992,0.0
2374965,1187.4825,0.0,0.0,0.0,0.0,0.2727003097530002,0.0
2378970,1189.485,0.0,0.0,0.0,0.0,0.15021060408000012,0.0
2382975,1191.4875,0.0,0.0,0.0,0.0,0.17263242602,0.0
2386980,1193.49,0.0,0.0,0.0,0.0,0.14422909914999998,0.0
2390985,1195.4925,0.0,0.0,0.0,0.0,0.06044240297999992,0.0
2394990,1197.495,0.0,0.0,0.0,0.0,0.13990768790999994,0.0
2398995,1199.4975,0.0,0.0,0.0,0.0,0.3166952580359999,0.0
2403000,1201.5,0.0,0.0,0.0,0.0,-0.036228045839999945,0.0
2407005,1203.5025,0.0,0.0,0.0,0.0,0.18843394517800005,0.0
2411010,1205.505,0.0,0.0,0.0,0.0,0.19156667589000004,0.0
2415015,1207.5075,0.0,0.0,0.0,0.0,0.11913840471999992,0.0
2419020,1209.51,0.0,0.0,0.0,0.0,0.17366455494599992,0.0
2423025,1211.5125,0.0,0.0,0.0,0.0,0.14895658196000003,0.0
2427030,1213.515,0.0,0.0,0.0,0.0,0.08088374137999996,0.0
2431035,1215.5175,0.0,0.0,0.0,0.0,-0.01885189114999991,0.0
2435040,1217.52,0.0,0.0,0.0,0.0,0.25036461652599995,0.0
2439045,1219.5225,0.0,0.0,0.0,0.0,0.020581588149999996,0.0
2443050,1221.525,0.0,0.0,0.0,0.0,0.21484673024999998,0.0
2447055,1223.5275,0.0,0.0,0.0,0.0,0.07844887674999998,0.0
2451060,1225.53,0.0,0.0,0.0,0.0,0.18490695955000003,0.0
2455065,1227.5325,0.0,0.0,0.0,0.0,0.10001800955000004,0.0
2459070,1229.535,0.0,0.0,0.0,0.0,0.21849359573299998,0.0
2463075,1231.5375,0.0,0.0,0.0,0.0,-0.0237557590000001,0.0
2467080,1233.54,0.0,0.0,0.0,0.0,0.16901740432299997,0.0
2471085,1235.5425,0.0,0.0,0.0,0.0,0.14772981405000005,0.0
2475090,1237.545,0.0,0.0,0.0,0.0,0.11789371074999994,0.0
2479095,1239.5475,0.0,0.0,0.0,0.0,0.09346464276000005,0.0
2483100,1241.55,0.0,0.0,0.0,0.0,0.16119867565000004,0.0
2487105,1243.5525,0.0,0.0,0.0,0.0,0.21959593893000004,0.0
2491110,1245.555,0.0,0.0,0.0,0.0,0.1718163639199999,0.0
2495115,1247.5575,0.0,0.0,0.0,0.0,0.12489184737999995,0.0
2499120,1249.56,0.0,0.0,0.0,0.0,0.18854820729000002,0.0
2503125,1251.5625,0.0,0.0,0.0,0.0,0.08184757828000006,0.0
2507130,1253.565,0.0,0.0,0.0,0.0,0.18730011582999997,0.0
2511135,1255.5675,0.0,0.0,0.0,0.0,0.1273213625,0.0
2515140,1257.57,0.0,0.0,0.0,0.0,0.21596014501000002,0.0
2519145,1259.5725,0.0,0.0,0.0,0.0,0.05701924860999999,0.0
2523150,1261.575,0.0,0.0,0.0,0.0,0.17703895272,0.0
2527155,1263.5775,0.0,0.0,0.0,0.0,0.30196855964,0.0
2531160,1265.58,0.0,0.0,0.0,0.0,0.09887076913000001,0.0
2535165,1267.5825,0.0,0.0,0.0,0.0,0.17251129449199984,0.0
2539170,1269.585,0.0,0.0,0.0,0.0,0.17270085216,0.0
2543175,1271.5875,0.0,0.0,0.0,0.0,0.04397611319000008,0.0
2547180,1273.59,0.0,0.0,0.0,0.0,0.2614446282299999,0.0
2551185,1275.5925,0.0,0.0,0.0,0.0,0.20952382683799997,0.0
2555190,1277.595,0.0,0.0,0.0,0.0,0.16737698017800007,0.0
2559195,1279.5975,0.0,0.0,0.0,0.0,0.11665900050999994,0.0
2563200,1281.6,0.0,0.0,0.0,0.0,0.17997059225499995,0.0
2567205,1283.6025,0.0,0.0,0.0,0.0,0.16685569286799987,0.0
2571210,1285.605,0.0,0.0,0.0,0.0,0.07885456085999998,0.0
2575215,1287.6075,0.0,0.0,0.0,0.0,0.08605048061000006,0.0
2579220,1289.61,0.0,0.0,0.0,0.0,0.17095808684499997,0.0
2583225,1291.6125,0.0,0.0,0.0,0.0,0.08760073780000008,0.0
2587230,1293.615,0.0,0.0,0.0,0.0,0.06229600309999994,0.0
2591235,1295.6175,0.0,0.0,0.0,0.0,0.13556243479000005,0.0
2595240,1297.62,0.0,0.0,0.0,0.0,0.28272393347299996,0.0
2599245,1299.6225,0.0,0.0,0.0,0.0,0.2542808353899999,0.0
2603250,1301.625,0.0,0.0,0.0,0.0,0.1597551852400001,0.0
2607255,1303.6275,0.0,0.0,0.0,0.0,0.11255957186000007,0.0
2611260,1305.63,0.0,0.0,0.0,0.0,0.19076479971899996,0.0
2615265,1307.6325,0.0,0.0,0.0,0.0,0.13560540973999996,0.0
2619270,1309.635,0.0,0.0,0.0,0.0,0.22266781329999996,0.0
2623275,1311.6375,0.0,0.0,0.0,0.0,0.31720773874999997,0.0
2627280,1313.64,0.0,0.0,0.0,0.0,0.2636976242150001,0.0
2631285,1315.6425,0.0,0.0,0.0,0.0,0.12758138774999994,0.0
2635290,1317.645,0.0,0.0,0.0,0.0,0.23598696292000002,0.0
2639295,1319.6475,0.0,0.0,0.0,0.0,0.10356175899000006,0.0
2643300,1321.65,0.0,0.0,0.0,0.0,0.13887672126999998,0.0
2647305,1323.6525,0.0,0.0,0.0,0.0,0.08410176635,0.0
2651310,1325.655,0.0,0.0,0.0,0.0,0.021671771989999977,0.0
2655315,1327.6575,0.0,0.0,0.0,0.0,0.13566626608000013,0.0
2659320,1329.66,0.0,0.0,0.0,0.0,0.10741016269999995,0.0
2663325,1331.6625,0.0,0.0,0.0,0.0,0.20843060313999998,0.0
2667330,1333.665,0.0,0.0,0.0,0.0,0.18350565433000002,0.0
2671335,1335.6675,0.0,0.0,0.0,0.0,0.00014315544999995988,0.0
2675340,1337.67,0.0,0.0,0.0,0.0,0.13474816082,0.0
2679345,1339.6725,0.0,0.0,0.0,0.0,0.21673430503000005,0.0
2683350,1341.675,0.0,0.0,0.0,0.0,0.22530749440000003,0.0
2687355,1343.6775,0.0,0.0,0.0,0.0,0.12231957912999991,0.0
2691360,1345.68,0.0,0.0,0.0,0.0,0.12707436085000004,0.0
2695365,1347.6825,0.0,0.0,0.0,0.0,0.06326799093000005,0.0
2699370,1349.685,0.0,0.0,0.0,0.0,0.08638058602999998,0.0
2703375,1351.6875,0.0,0.0,0.0,0.0,0.06472690403999998,0.0
2707380,1353.69,0.0,0.0,0.0,0.0,0.24103973806000006,0.0
2711385,1355.6925,0.0,0.0,0.0,0.0,0.28802798687,0.0
2715390,1357.695,0.0,0.0,0.0,0.0,0.15546286105,0.0
2719395,1359.6975,0.0,0.0,0.0,0.0,0.17783424258,0.0
2723400,1361.7,0.0,0.0,0.0,0.0,0.13923841715000007,0.0
2727405,1363.7025,0.0,0.0,0.0,0.0,0.245969116679,0.0
2731410,1365.705,0.0,0.0,0.0,0.0,0.18148395419,0.0
2735415,1367.7075,0.0,0.0,0.0,0.0,0.21347144247000005,0.0
2739420,1369.71,0.0,0.0,0.0,0.0,0.23990470170100012,0.0
2743425,1371.7125,0.0,0.0,0.0,0.0,0.261485442513,0.0
2747430,1373.715,0.0,0.0,0.0,0.0,0.23671200871999998,0.0
2751435,1375.7175,0.0,0.0,0.0,0.0,0.10983094573000007,0.0
2755440,1377.72,0.0,0.0,0.0,0.0,0.20086406170000004,0.0
2759445,1379.7225,0.0,0.0,0.0,0.0,0.07289557160000004,0.0
2763450,1381.725,0.0,0.0,0.0,0.0,0.15941122173999997,0.0
2767455,1383.7275,0.0,0.0,0.0,0.0,0.15374958513000006,0.0
2771460,1385.73,0.0,0.0,0.0,0.0,0.20431837439999992,0.0
2775465,1387.7325,0.0,0.0,0.0,0.0,0.11855867505999998,0.0
2779470,1389.735,0.0,0.0,0.0,0.0,0.10722988844000003,0.0
2783475,1391.7375,0.0,0.0,0.0,0.0,0.23820711672999997,0.0
2787480,1393.74,0.0,0.0,0.0,0.0,0.2042890787100001,0.0
2791485,1395.7425,0.0,0.0,0.0,0.0,0.31530700624999997,0.0
2795490,1397.745,0.0,0.0,0.0,0.0,0.1254637539300001,0.0
2799495,1399.7475,0.0,0.0,0.0,0.0,0.16981287300000011,0.0
2803500,1401.75,0.0,0.0,0.0,0.0,0.15286348760999996,0.0
2807505,1403.7525,0.0,0.0,0.0,0.0,0.15454386175,0.0
2811510,1405.755,0.0,0.0,0.0,0.0,0.20559160411000005,0.0
2815515,1407.7575,0.0,0.0,0.0,0.0,0.14889381826,0.0
2819520,1409.76,0.0,0.0,0.0,0.0,0.04339292645999995,0.0
2823525,1411.7625,0.0,0.0,0.0,0.0,0.22718207537000001,0.0
2827530,1413.765,0.0,0.0,0.0,0.0,0.17795133590000003,0.0
2831535,1415.7675,0.0,0.0,0.0,0.0,0.2820360511399999,0.0
2835540,1417.77,0.0,0.0,0.0,0.0,0.09798473119999998,0.0
2839545,1419.7725,0.0,0.0,0.0,0.0,0.1361259817999999,0.0
2843550,1421.775,0.0,0.0,0.0,0.0,0.17513294519,0.0
2847555,1423.7775,0.0,0.0,0.0,0.0,0.21491920947999993,0.0
2851560,1425.78,0.0,0.0,0.0,0.0,0.36763654650699995,0.0
2855565,1427.7825,0.0,0.0,0.0,0.0,0.19799581169999997,0.0
2859570,1429.785,0.0,0.0,0.0,0.0,0.29015399515,0.0
2863575,1431.7875,0.0,0.0,0.0,0.0,-0.008927196259999909,0.0
2867580,1433.79,0.0,0.0,0.0,0.0,0.14080831410000003,0.0
2871585,1435.7925,0.0,0.0,0.0,0.0,0.11615993081999998,0.0
2875590,1437.795,0.0,0.0,0.0,0.0,0.15708136556999994,0.0
2879595,1439.7975,0.0,0.0,0.0,0.0,0.12090221049000008,0.0
2883600,1441.8,0.0,0.0,0.0,0.0,0.29308491947,0.0
2887605,1443.8025,0.0,0.0,0.0,0.0,0.19289556144999992,0.0
2891610,1445.805,0.0,0.0,0.0,0.0,0.17576614022999998,0.0
2895615,1447.8075,0.0,0.0,0.0,0.0,0.19865407050000003,0.0
2899620,1449.81,0.0,0.0,0.0,0.0,0.13571096957999998,0.0
2903625,1451.8125,0.0,0.0,0.0,0.0,0.17144696414000013,0.0
2907630,1453.815,0.0,0.0,0.0,0.0,0.07275551559000001,0.0
2911635,1455.8175,0.0,0.0,0.0,0.0,0.32572183012,0.0
2915640,1457.82,0.0,0.0,0.0,0.0,0.10699918866999994,0.0
2919645,1459.8225,0.0,0.0,0.0,0.0,0.15013006329000003,0.0
2923650,1461.825,0.0,0.0,0.0,0.0,0.18140111863000008,0.0
2927655,1463.8275,0.0,0.0,0.0,0.0,0.13909798860999997,0.0
2931660,1465.83,0.0,0.0,0.0,0.0,0.16832153497999994,0.0
2935665,1467.8325,0.0,0.0,0.0,0.0,0.14109252392999996,0.0
2939670,1469.835,0.0,0.0,0.0,0.0,0.26751044392,0.0
2943675,1471.8375,0.0,0.0,0.0,0.0,0.27847614884,0.0
2947680,1473.84,0.0,0.0,0.0,0.0,0.2242954522400001,0.0
2951685,1475.8425,0.0,0.0,0.0,0.0,0.17273746429999995,0.0
2955690,1477.845,0.0,0.0,0.0,0.0,0.22040714323000002,0.0
2959695,1479.8475,0.0,0.0,0.0,0.0,0.319561034448,0.0
2963700,1481.85,0.0,0.0,0.0,0.0,0.17772048711000007,0.0
2967705,1483.8525,0.0,0.0,0.0,0.0,0.27857492864,0.0
2971710,1485.855,0.0,0.0,0.0,0.0,0.10713872314999998,0.0
2975715,1487.8575,0.0,0.0,0.0,0.0,0.13434873521999996,0.0
2979720,1489.86,0.0,0.0,0.0,0.0,0.07139042019000003,0.0
2983725,1491.8625,0.0,0.0,0.0,0.0,0.24207657576,0.0
2987730,1493.865,0.0,0.0,0.0,0.0,0.27055686711700005,0.0
2991735,1495.8675,0.0,0.0,0.0,0.0,0.1787551343300001,0.0
2995740,1497.87,0.0,0.0,0.0,0.0,0.24936510621999988,0.0
2999745,1499.8725,0.0,0.0,0.0,0.0,0.24134202303000013,0.0
3003750,1501.875,0.0,0.0,0.0,0.0,0.14265806974000014,0.0
3007755,1503.8775,0.0,0.0,0.0,0.0,0.13252948224000008,0.0
3011760,1505.88,0.0,0.0,0.0,0.0,0.19898973405000006,0.0
3015765,1507.8825,0.0,0.0,0.0,0.0,0.19750027358999997,0.0
3019770,1509.885,0.0,0.0,0.0,0.0,0.19222296774000003,0.0
3023775,1511.8875,0.0,0.0,0.0,0.0,0.11919295788999998,0.0
3027780,1513.89,0.0,0.0,0.0,0.0,0.2601295858500001,0.0
3031785,1515.8925,0.0,0.0,0.0,0.0,0.15964053571000003,0.0
3035790,1517.895,0.0,0.0,0.0,0.0,0.14154638350000007,0.0
3039795,1519.8975,0.0,0.0,0.0,0.0,0.24530720709999998,0.0
3043800,1521.9,0.0,0.0,0.0,0.0,0.2172663509899999,0.0
3047805,1523.9025,0.0,0.0,0.0,0.0,0.15350817145,0.0
3051810,1525.905,0.0,0.0,0.0,0.0,0.10318213701999998,0.0
3055815,1527.9075,0.0,0.0,0.0,0.0,0.12648768721999998,0.0
3059820,1529.91,0.0,0.0,0.0,0.0,0.13268944619000003,0.0
3063825,1531.9125,0.0,0.0,0.0,0.0,0.24175709486000008,0.0
3067830,1533.915,0.0,0.0,0.0,0.0,0.27513253687000006,0.0
3071835,1535.9175,0.0,0.0,0.0,0.0,0.2452703118399999,0.0
3075840,1537.92,0.0,0.0,0.0,0.0,0.21973595024000012,0.0
3079845,1539.9225,0.0,0.0,0.0,0.0,0.2739469707,0.0
3083850,1541.925,0.0,0.0,0.0,0.0,0.22931618988000002,0.0
3087855,1543.9275,0.0,0.0,0.0,0.0,0.28802382946000005,0.0
3091860,1545.93,0.0,0.0,0.0,0.0,0.24608460068999996,0.0
3095865,1547.9325,0.0,0.0,0.0,0.0,0.18070876596000007,0.0
3099870,1549.935,0.0,0.0,0.0,0.0,0.17137823998999996,0.0
3103875,1551.9375,0.0,0.0,0.0,0.0,0.25512270628,0.0
3107880,1553.94,0.0,0.0,0.0,0.0,0.23776923119999993,0.0
3111885,1555.9425,0.0,0.0,0.0,0.0,0.12679587303999995,0.0
3115890,1557.945,0.0,0.0,0.0,0.0,0.16512419282000007,0.0
3119895,1559.9475,0.0,0.0,0.0,0.0,0.20061619582000004,0.0
3123900,1561.95,0.0,0.0,0.0,0.0,0.20792472362000008,0.0
3127905,1563.9525,0.0,0.0,0.0,0.0,0.19478434325000002,0.0
3131910,1565.955,0.0,0.0,0.0,0.0,0.16336618363000005,0.0
3135915,1567.9575,0.0,0.0,0.0,0.0,0.08724625407000003,0.0
3139920,1569.96,0.0,0.0,0.0,0.0,0.17620244624000012,0.0
3143925,1571.9625,0.0,0.0,0.0,0.0,0.23332929611000003,0.0
3147930,1573.965,0.0,0.0,0.0,0.0,0.15176235138999997,0.0
3151935,1575.9675,0.0,0.0,0.0,0.0,0.09257496893999984,0.0
3155940,1577.97,0.0,0.0,0.0,0.0,0.26590235531999995,0.0
3159945,1579.9725,0.0,0.0,0.0,0.0,0.305421322571,0.0
3163950,1581.975,0.0,0.0,0.0,0.0,0.23342245813999998,0.0
3167955,1583.9775,0.0,0.0,0.0,0.0,0.17031523586100003,0.0
3171960,1585.98,0.0,0.0,0.0,0.0,0.18521051109200004,0.0
3175965,1587.9825,0.0,0.0,0.0,0.0,0.21433356403699996,0.0
3179970,1589.985,0.0,0.0,0.0,0.0,0.214915841826,0.0
3183975,1591.9875,0.0,0.0,0.0,0.0,0.22372254727700003,0.0
3187980,1593.99,0.0,0.0,0.0,0.0,0.1065776944,0.0
3191985,1595.9925,0.0,0.0,0.0,0.0,0.16225071252000003,0.0
3195990,1597.995,0.0,0.0,0.0,0.0,0.11393173038999996,0.0
3199995,1599.9975,0.0,0.0,0.0,0.0,0.21379576623000007,0.0
3204000,1602.0,0.0,0.0,0.0,0.0,0.15182948111999994,0.0
3208005,1604.0025,0.0,0.0,0.0,0.0,0.24502936007999998,0.0
3212010,1606.005,0.0,0.0,0.0,0.0,0.11447124184000002,0.0
3216015,1608.0075,0.0,0.0,0.0,0.0,0.14641804994000007,0.0
3220020,1610.01,0.0,0.0,0.0,0.0,0.22478036584999989,0.0
3224025,1612.0125,0.0,0.0,0.0,0.0,0.1815890818799999,0.0
3228030,1614.015,0.0,0.0,0.0,0.0,0.211878255,0.0
3232035,1616.0175,0.0,0.0,0.0,0.0,0.18649718165999993,0.0
3236040,1618.02,0.0,0.0,0.0,0.0,0.10917198657000002,0.0
3240045,1620.0225,0.0,0.0,0.0,0.0,0.21812714636,0.0
3244050,1622.025,0.0,0.0,0.0,0.0,0.19280496240000003,0.0
3248055,1624.0275,0.0,0.0,0.0,0.0,0.11137624084999992,0.0
3252060,1626.03,0.0,0.0,0.0,0.0,0.15815572440000003,0.0
3256065,1628.0325,0.0,0.0,0.0,0.0,0.11425015329999991,0.0
3260070,1630.035,0.0,0.0,0.0,0.0,0.17370288074000007,0.0
3264075,1632.0375,0.0,0.0,0.0,0.0,0.18083392083000008,0.0
3268080,1634.04,0.0,0.0,0.0,0.0,0.25039330124000003,0.0
3272085,1636.0425,0.0,0.0,0.0,0.0,0.2054925263,0.0
3276090,1638.045,0.0,0.0,0.0,0.0,0.21740314366000008,0.0
3280095,1640.0475,0.0,0.0,0.0,0.0,0.19525896012999996,0.0
3284100,1642.05,0.0,0.0,0.0,0.0,0.13560295105999992,0.0
3288105,1644.0525,0.0,0.0,0.0,0.0,0.18035143613,0.0
3292110,1646.055,0.0,0.0,0.0,0.0,0.16318155827000005,0.0
3296115,1648.0575,0.0,0.0,0.0,0.0,0.2405649870799999,0.0
3300120,1650.06,0.0,0.0,0.0,0.0,0.22192090749,0.0
3304125,1652.0625,0.0,0.0,0.0,0.0,0.15089790523000002,0.0
3308130,1654.065,0.0,0.0,0.0,0.0,0.11795932054,0.0
3312135,1656.0675,0.0,0.0,0.0,0.0,0.16832199693,0.0
3316140,1658.07,0.0,0.0,0.0,0.0,0.1425821781099999,0.0
3320145,1660.0725,0.0,0.0,0.0,0.0,0.1586257964299999,0.0
3324150,1662.075,0.0,0.0,0.0,0.0,0.25544691085999993,0.0
3328155,1664.0775,0.0,0.0,0.0,0.0,0.15553271770000002,0.0
3332160,1666.08,0.0,0.0,0.0,0.0,0.2266906201800001,0.0
3336165,1668.0825,0.0,0.0,0.0,0.0,0.14345911147000007,0.0
3340170,1670.085,0.0,0.0,0.0,0.0,0.08983172475999998,0.0
3344175,1672.0875,0.0,0.0,0.0,0.0,0.34752984342999993,0.0
3348180,1674.09,0.0,0.0,0.0,0.0,0.1381487548400001,0.0
3352185,1676.0925,0.0,0.0,0.0,0.0,0.2577239274999999,0.0
3356190,1678.095,0.0,0.0,0.0,0.0,0.22724458574999992,0.0
3360195,1680.0975,0.0,0.0,0.0,0.0,0.15696632862999998,0.0
3364200,1682.1,0.0,0.0,0.0,0.0,0.18241627513000003,0.0
3368205,1684.1025,0.0,0.0,0.0,0.0,0.13278776406999998,0.0
3372210,1686.105,0.0,0.0,0.0,0.0,0.2239427566499999,0.0
3376215,1688.1075,0.0,0.0,0.0,0.0,0.23519343138,0.0
3380220,1690.11,0.0,0.0,0.0,0.0,0.27976846695000007,0.0
3384225,1692.1125,0.0,0.0,0.0,0.0,0.2503420114499999,0.0
3388230,1694.115,0.0,0.0,0.0,0.0,0.19630748034000003,0.0
3392235,1696.1175,0.0,0.0,0.0,0.0,0.15542760494999996,0.0
3396240,1698.12,0.0,0.0,0.0,0.0,0.28588429092999995,0.0
3400245,1700.1225,0.0,0.0,0.0,0.0,0.24357709290000004,0.0
3404250,1702.125,0.0,0.0,0.0,0.0,0.18722291289999993,0.0
3408255,1704.1275,0.0,0.0,0.0,0.0,0.1874946654000001,0.0
3412260,1706.13,0.0,0.0,0.0,0.0,0.26684790850000006,0.0
3416265,1708.1325,0.0,0.0,0.0,0.0,0.23968353867000014,0.0
3420270,1710.135,0.0,0.0,0.0,0.0,0.1389735043200001,0.0
3424275,1712.1375,0.0,0.0,0.0,0.0,0.18893954157000004,0.0
3428280,1714.14,0.0,0.0,0.0,0.0,0.16594921052999995,0.0
3432285,1716.1425,0.0,0.0,0.0,0.0,0.17693071069999997,0.0
3436290,1718.145,0.0,0.0,0.0,0.0,0.18158905208999995,0.0
3440295,1720.1475,0.0,0.0,0.0,0.0,0.25999495388000005,0.0
3444300,1722.15,0.0,0.0,0.0,0.0,0.19494706391999997,0.0
3448305,1724.1525,0.0,0.0,0.0,0.0,0.11398389935999997,0.0
3452310,1726.155,0.0,0.0,0.0,0.0,0.13038906456,0.0
3456315,1728.1575,0.0,0.0,0.0,0.0,0.23681809008,0.0
3460320,1730.16,0.0,0.0,0.0,0.0,0.25113636255000005,0.0
3464325,1732.1625,0.0,0.0,0.0,0.0,0.19235038758,0.0
3468330,1734.165,0.0,0.0,0.0,0.0,0.21523702143999998,0.0
3472335,1736.1675,0.0,0.0,0.0,0.0,0.17516030371,0.0
3476340,1738.17,0.0,0.0,0.0,0.0,0.22858044504000002,0.0
3480345,1740.1725,0.0,0.0,0.0,0.0,0.1471689194599999,0.0
3484350,1742.175,0.0,0.0,0.0,0.0,0.19270496070999993,0.0
3488355,1744.1775,0.0,0.0,0.0,0.0,0.22759819032,0.0
3492360,1746.18,0.0,0.0,0.0,0.0,0.2121214419499999,0.0
3496365,1748.1825,0.0,0.0,0.0,0.0,0.24078591169000008,0.0
3500370,1750.185,0.0,0.0,0.0,0.0,0.23772060872,0.0
3504375,1752.1875,0.0,0.0,0.0,0.0,0.24260880053999997,0.0
3508380,1754.19,0.0,0.0,0.0,0.0,0.2057709842899999,0.0
3512385,1756.1925,0.0,0.0,0.0,0.0,0.22978119552999998,0.0
3516390,1758.195,0.0,0.0,0.0,0.0,0.15184192361000004,0.0
3520395,1760.1975,0.0,0.0,0.0,0.0,0.24041226505,0.0
3524400,1762.2,0.0,0.0,0.0,0.0,0.19645500183999995,0.0
3528405,1764.2025,0.0,0.0,0.0,0.0,0.1674334108799999,0.0
3532410,1766.205,0.0,0.0,0.0,0.0,0.2008201927,0.0
3536415,1768.2075,0.0,0.0,0.0,0.0,0.16446952520999994,0.0
3540420,1770.21,0.0,0.0,0.0,0.0,0.15526525674999994,0.0
3544425,1772.2125,0.0,0.0,0.0,0.0,0.13915368916,0.0
3548430,1774.215,0.0,0.0,0.0,0.0,0.24199010430999998,0.0
3552435,1776.2175,0.0,0.0,0.0,0.0,0.23698869346999998,0.0
3556440,1778.22,0.0,0.0,0.0,0.0,0.15024952592999993,0.0
3560445,1780.2225,0.0,0.0,0.0,0.0,0.13126312197000012,0.0
3564450,1782.225,0.0,0.0,0.0,0.0,0.23484630882000002,0.0
3568455,1784.2275,0.0,0.0,0.0,0.0,0.24406240879999994,0.0
3572460,1786.23,0.0,0.0,0.0,0.0,0.18868847192000002,0.0
3576465,1788.2325,0.0,0.0,0.0,0.0,0.21595491469000008,0.0
3580470,1790.235,0.0,0.0,0.0,0.0,0.1308386773,0.0
3584475,1792.2375,0.0,0.0,0.0,0.0,0.31260831652999993,0.0
3588480,1794.24,0.0,0.0,0.0,0.0,0.24001277981999994,0.0
3592485,1796.2425,0.0,0.0,0.0,0.0,0.17413297295000008,0.0
3596490,1798.245,0.0,0.0,0.0,0.0,0.17262314260999997,0.0
3600495,1800.2475,0.0,0.0,0.0,0.0,0.23084136842000014,0.0
3604500,1802.25,0.0,0.0,0.0,0.0,0.1568751335200001,0.0
3608505,1804.2525,0.0,0.0,0.0,0.0,0.19400884209999997,0.0
3612510,1806.255,0.0,0.0,0.0,0.0,0.13927200435999995,0.0
3616515,1808.2575,0.0,0.0,0.0,0.0,0.15474811197000002,0.0
3620520,1810.26,0.0,0.0,0.0,0.0,0.18463033438999996,0.0
3624525,1812.2625,0.0,0.0,0.0,0.0,0.27110219003,0.0
3628530,1814.265,0.0,0.0,0.0,0.0,0.24290543791999983,0.0
3632535,1816.2675,0.0,0.0,0.0,0.0,0.17959722878000006,0.0
3636540,1818.27,0.0,0.0,0.0,0.0,0.23736779393,0.0
3640545,1820.2725,0.0,0.0,0.0,0.0,0.21457737683999992,0.0
3644550,1822.275,0.0,0.0,0.0,0.0,0.17264388501,0.0
3648555,1824.2775,0.0,0.0,0.0,0.0,0.1925053000500001,0.0
3652560,1826.28,0.0,0.0,0.0,0.0,0.24229003488000003,0.0
3656565,1828.2825,0.0,0.0,0.0,0.0,0.21093389391000006,0.0
3660570,1830.285,0.0,0.0,0.0,0.0,0.15342247485000002,0.0
3664575,1832.2875,0.0,0.0,0.0,0.0,0.23672796787000006,0.0
3668580,1834.29,0.0,0.0,0.0,0.0,0.15172712505,0.0
3672585,1836.2925,0.0,0.0,0.0,0.0,0.16938728094000008,0.0
3676590,1838.295,0.0,0.0,0.0,0.0,0.21199658513,0.0
3680595,1840.2975,0.0,0.0,0.0,0.0,0.27328789235000006,0.0
3684600,1842.3,0.0,0.0,0.0,0.0,0.23187185825000012,0.0
3688605,1844.3025,0.0,0.0,0.0,0.0,0.21717192233999993,0.0
3692610,1846.305,0.0,0.0,0.0,0.0,0.22398917378999997,0.0
3696615,1848.3075,0.0,0.0,0.0,0.0,0.20904922486,0.0
3700620,1850.31,0.0,0.0,0.0,0.0,0.26289746166000005,0.0
3704625,1852.3125,0.0,0.0,0.0,0.0,0.2270367145500001,0.0
3708630,1854.315,0.0,0.0,0.0,0.0,0.18817010520999994,0.0
3712635,1856.3175,0.0,0.0,0.0,0.0,0.2066728919799999,0.0
3716640,1858.32,0.0,0.0,0.0,0.0,0.1710962057000001,0.0
3720645,1860.3225,0.0,0.0,0.0,0.0,0.17558862270000003,0.0
3724650,1862.325,0.0,0.0,0.0,0.0,0.21777908505000004,0.0
3728655,1864.3275,0.0,0.0,0.0,0.0,0.24350629745999997,0.0
3732660,1866.33,0.0,0.0,0.0,0.0,0.13976444302999994,0.0
3736665,1868.3325,0.0,0.0,0.0,0.0,0.20648114381999996,0.0
3740670,1870.335,0.0,0.0,0.0,0.0,0.21685342492,0.0
3744675,1872.3375,0.0,0.0,0.0,0.0,0.12756814063,0.0
3748680,1874.34,0.0,0.0,0.0,0.0,0.17006397247,0.0
3752685,1876.3425,0.0,0.0,0.0,0.0,0.24293796717,0.0
3756690,1878.345,0.0,0.0,0.0,0.0,0.21508254110000008,0.0
3760695,1880.3475,0.0,0.0,0.0,0.0,0.19929519295999998,0.0
3764700,1882.35,0.0,0.0,0.0,0.0,0.16274517776999997,0.0
3768705,1884.3525,0.0,0.0,0.0,0.0,0.20953007043000002,0.0
3772710,1886.355,0.0,0.0,0.0,0.0,0.17962238191000007,0.0
3776715,1888.3575,0.0,0.0,0.0,0.0,0.1759386360599999,0.0
3780720,1890.36,0.0,0.0,0.0,0.0,0.15568543969999996,0.0
3784725,1892.3625,0.0,0.0,0.0,0.0,0.18562640249000004,0.0
3788730,1894.365,0.0,0.0,0.0,0.0,0.20549626648,0.0
3792735,1896.3675,0.0,0.0,0.0,0.0,0.21542987226999993,0.0
3796740,1898.37,0.0,0.0,0.0,0.0,0.23580476641999987,0.0
3800745,1900.3725,0.0,0.0,0.0,0.0,0.19478081166999997,0.0
3804750,1902.375,0.0,0.0,0.0,0.0,0.22642081976000003,0.0
3808755,1904.3775,0.0,0.0,0.0,0.0,0.13523131608999994,0.0
3812760,1906.38,0.0,0.0,0.0,0.0,0.22433803975000008,0.0
3816765,1908.3825,0.0,0.0,0.0,0.0,0.21867567301000007,0.0
3820770,1910.385,0.0,0.0,0.0,0.0,0.24761763213999996,0.0
3824775,1912.3875,0.0,0.0,0.0,0.0,0.16710199418000005,0.0
3828780,1914.39,0.0,0.0,0.0,0.0,0.2087963670399999,0.0
3832785,1916.3925,0.0,0.0,0.0,0.0,0.2236720621799999,0.0
3836790,1918.395,0.0,0.0,0.0,0.0,0.22768382729000006,0.0
3840795,1920.3975,0.0,0.0,0.0,0.0,0.20813617109999988,0.0
3844800,1922.4,0.0,0.0,0.0,0.0,0.24846814572000003,0.0
3848805,1924.4025,0.0,0.0,0.0,0.0,0.15499539672,0.0
3852810,1926.405,0.0,0.0,0.0,0.0,0.17463254927000002,0.0
3856815,1928.4075,0.0,0.0,0.0,0.0,0.15243697165000003,0.0
3860820,1930.41,0.0,0.0,0.0,0.0,0.2022515982499999,0.0
3864825,1932.4125,0.0,0.0,0.0,0.0,0.1878913194,0.0
3868830,1934.415,0.0,0.0,0.0,0.0,0.15222878753000005,0.0
3872835,1936.4175,0.0,0.0,0.0,0.0,0.16841040551,0.0
3876840,1938.42,0.0,0.0,0.0,0.0,0.18579646943999992,0.0
3880845,1940.4225,0.0,0.0,0.0,0.0,0.25101673601999996,0.0
3884850,1942.425,0.0,0.0,0.0,0.0,0.20019999147000006,0.0
3888855,1944.4275,0.0,0.0,0.0,0.0,0.1828367114,0.0
3892860,1946.43,0.0,0.0,0.0,0.0,0.24144385753000008,0.0
3896865,1948.4325,0.0,0.0,0.0,0.0,0.1914641857100001,0.0
3900870,1950.435,0.0,0.0,0.0,0.0,0.22716982661000004,0.0
3904875,1952.4375,0.0,0.0,0.0,0.0,0.20199011265999997,0.0
3908880,1954.44,0.0,0.0,0.0,0.0,0.22843825816000005,0.0
3912885,1956.4425,0.0,0.0,0.0,0.0,0.18464651707000002,0.0
3916890,1958.445,0.0,0.0,0.0,0.0,0.18842576443999992,0.0
3920895,1960.4475,0.0,0.0,0.0,0.0,0.23351885378000004,0.0
3924900,1962.45,0.0,0.0,0.0,0.0,0.22920228540999993,0.0
3928905,1964.4525,0.0,0.0,0.0,0.0,0.24355094134999994,0.0
3932910,1966.455,0.0,0.0,0.0,0.0,0.17908446491999994,0.0
3936915,1968.4575,0.0,0.0,0.0,0.0,0.1703990250899999,0.0
3940920,1970.46,0.0,0.0,0.0,0.0,0.16686280073000004,0.0
3944925,1972.4625,0.0,0.0,0.0,0.0,0.20422790942999994,0.0
3948930,1974.465,0.0,0.0,0.0,0.0,0.21571591495999995,0.0
3952935,1976.4675,0.0,0.0,0.0,0.0,0.20642463861999996,0.0
3956940,1978.47,0.0,0.0,0.0,0.0,0.22444906830000003,0.0
3960945,1980.4725,0.0,0.0,0.0,0.0,0.20721705257999998,0.0
3964950,1982.475,0.0,0.0,0.0,0.0,0.16297574343000004,0.0
3968955,1984.4775,0.0,0.0,0.0,0.0,0.23784159122999998,0.0
3972960,1986.48,0.0,0.0,0.0,0.0,0.23566015065000004,0.0
3976965,1988.4825,0.0,0.0,0.0,0.0,0.22272258995999997,0.0
3980970,1990.485,0.0,0.0,0.0,0.0,0.19790525733,0.0
3984975,1992.4875,0.0,0.0,0.0,0.0,0.20093789695999992,0.0
3988980,1994.49,0.0,0.0,0.0,0.0,0.25547356903,0.0
3992985,1996.4925,0.0,0.0,0.0,0.0,0.23752689361000012,0.0
3996990,1998.495,0.0,0.0,0.0,0.0,0.1976012587399999,0.0
