train,"{'mae': 0.6517850160598755, 'rmse': 1.357717514038086}","{'mae': 1.10565185546875, 'rmse': 2.4824178218841553}"
val,"{'mae': 0.02302146516740322, 'rmse': 0.029434433206915855}","{'mae': 0.3212425112724304, 'rmse': 0.4318462610244751}"
train,"{'mae': 0.029945101588964462, 'rmse': 0.037472717463970184}","{'mae': 0.2871816158294678, 'rmse': 0.3963432312011719}"
val,"{'mae': 0.01738271303474903, 'rmse': 0.02076096646487713}","{'mae': 0.24560296535491943, 'rmse': 0.32516875863075256}"
train,"{'mae': 0.027006521821022034, 'rmse': 0.033506572246551514}","{'mae': 0.2327570915222168, 'rmse': 0.3136424422264099}"
val,"{'mae': 0.017991643399000168, 'rmse': 0.024541174992918968}","{'mae': 0.2151309847831726, 'rmse': 0.27802932262420654}"
train,"{'mae': 0.026102766394615173, 'rmse': 0.03264553099870682}","{'mae': 0.21709801256656647, 'rmse': 0.2897871136665344}"
val,"{'mae': 0.0229713823646307, 'rmse': 0.029099468141794205}","{'mae': 0.20251823961734772, 'rmse': 0.2623233497142792}"
train,"{'mae': 0.025130048394203186, 'rmse': 0.03138944134116173}","{'mae': 0.20482465624809265, 'rmse': 0.2719670534133911}"
val,"{'mae': 0.031333569437265396, 'rmse': 0.03619083762168884}","{'mae': 0.18554380536079407, 'rmse': 0.24004872143268585}"
train,"{'mae': 0.02630968578159809, 'rmse': 0.032998524606227875}","{'mae': 0.19769732654094696, 'rmse': 0.26169252395629883}"
val,"{'mae': 0.03751172870397568, 'rmse': 0.0405750498175621}","{'mae': 0.18228715658187866, 'rmse': 0.24358350038528442}"
train,"{'mae': 0.022662153467535973, 'rmse': 0.02873873896896839}","{'mae': 0.1923610121011734, 'rmse': 0.2536310851573944}"
val,"{'mae': 0.015482784248888493, 'rmse': 0.02137913927435875}","{'mae': 0.17806857824325562, 'rmse': 0.23002351820468903}"
train,"{'mae': 0.02263151854276657, 'rmse': 0.028397204354405403}","{'mae': 0.18690624833106995, 'rmse': 0.24596281349658966}"
val,"{'mae': 0.02253158763051033, 'rmse': 0.025418687611818314}","{'mae': 0.17919746041297913, 'rmse': 0.23567640781402588}"
train,"{'mae': 0.019810020923614502, 'rmse': 0.025142185389995575}","{'mae': 0.18565590679645538, 'rmse': 0.2438841164112091}"
val,"{'mae': 0.012781927362084389, 'rmse': 0.0183104295283556}","{'mae': 0.18165720999240875, 'rmse': 0.23306384682655334}"
train,"{'mae': 0.020759157836437225, 'rmse': 0.026271747425198555}","{'mae': 0.17903152108192444, 'rmse': 0.23413769900798798}"
val,"{'mae': 0.018351860344409943, 'rmse': 0.02423853613436222}","{'mae': 0.191702201962471, 'rmse': 0.24318672716617584}"
train,"{'mae': 0.019557809457182884, 'rmse': 0.024558547884225845}","{'mae': 0.17653605341911316, 'rmse': 0.23048478364944458}"
val,"{'mae': 0.016193119809031487, 'rmse': 0.018559260293841362}","{'mae': 0.16042107343673706, 'rmse': 0.20917798578739166}"
train,"{'mae': 0.019427809864282608, 'rmse': 0.024606743827462196}","{'mae': 0.17700634896755219, 'rmse': 0.2315833866596222}"
val,"{'mae': 0.01096839178353548, 'rmse': 0.0147787444293499}","{'mae': 0.16444198787212372, 'rmse': 0.21404114365577698}"
train,"{'mae': 0.018254809081554413, 'rmse': 0.02317817509174347}","{'mae': 0.16971130669116974, 'rmse': 0.22160296142101288}"
val,"{'mae': 0.018201716244220734, 'rmse': 0.02070104517042637}","{'mae': 0.1664411425590515, 'rmse': 0.21779105067253113}"
train,"{'mae': 0.018923282623291016, 'rmse': 0.023560533300042152}","{'mae': 0.16704612970352173, 'rmse': 0.2183723896741867}"
val,"{'mae': 0.016514325514435768, 'rmse': 0.018911849707365036}","{'mae': 0.16425380110740662, 'rmse': 0.21374206244945526}"
train,"{'mae': 0.01744474470615387, 'rmse': 0.022146327421069145}","{'mae': 0.16727696359157562, 'rmse': 0.21854060888290405}"
val,"{'mae': 0.010425636544823647, 'rmse': 0.013598164543509483}","{'mae': 0.15472383797168732, 'rmse': 0.20112653076648712}"
train,"{'mae': 0.016739116981625557, 'rmse': 0.021309321746230125}","{'mae': 0.16419845819473267, 'rmse': 0.21406541764736176}"
val,"{'mae': 0.021383382380008698, 'rmse': 0.0239590872079134}","{'mae': 0.16361115872859955, 'rmse': 0.21431894600391388}"
train,"{'mae': 0.016527768224477768, 'rmse': 0.021023482084274292}","{'mae': 0.1609470099210739, 'rmse': 0.20988932251930237}"
val,"{'mae': 0.010287763550877571, 'rmse': 0.013305403292179108}","{'mae': 0.15667060017585754, 'rmse': 0.2023586481809616}"
train,"{'mae': 0.016723601147532463, 'rmse': 0.020979590713977814}","{'mae': 0.16209208965301514, 'rmse': 0.21101586520671844}"
val,"{'mae': 0.011510156095027924, 'rmse': 0.014115993864834309}","{'mae': 0.15794271230697632, 'rmse': 0.20688539743423462}"
train,"{'mae': 0.015173394232988358, 'rmse': 0.01933124288916588}","{'mae': 0.15899322926998138, 'rmse': 0.2072216123342514}"
val,"{'mae': 0.010252165608108044, 'rmse': 0.013571090064942837}","{'mae': 0.15795397758483887, 'rmse': 0.20694507658481598}"
train,"{'mae': 0.015466030687093735, 'rmse': 0.019622407853603363}","{'mae': 0.15837940573692322, 'rmse': 0.2069704532623291}"
val,"{'mae': 0.018869221210479736, 'rmse': 0.02264789491891861}","{'mae': 0.16790945827960968, 'rmse': 0.21607606112957}"
train,"{'mae': 0.015086468309164047, 'rmse': 0.019327087327837944}","{'mae': 0.15683086216449738, 'rmse': 0.2044244259595871}"
val,"{'mae': 0.009167101234197617, 'rmse': 0.012566710822284222}","{'mae': 0.1581532210111618, 'rmse': 0.20370247960090637}"
train,"{'mae': 0.013638375326991081, 'rmse': 0.01749114878475666}","{'mae': 0.15576793253421783, 'rmse': 0.20304982364177704}"
val,"{'mae': 0.01001039333641529, 'rmse': 0.01364775188267231}","{'mae': 0.15306369960308075, 'rmse': 0.19759975373744965}"
train,"{'mae': 0.013940125703811646, 'rmse': 0.017785165458917618}","{'mae': 0.15359938144683838, 'rmse': 0.20012623071670532}"
val,"{'mae': 0.018213333562016487, 'rmse': 0.020526623353362083}","{'mae': 0.1491505354642868, 'rmse': 0.19403794407844543}"
train,"{'mae': 0.01328748743981123, 'rmse': 0.016941029578447342}","{'mae': 0.1530701071023941, 'rmse': 0.19936996698379517}"
val,"{'mae': 0.00887531228363514, 'rmse': 0.012945417314767838}","{'mae': 0.1425933986902237, 'rmse': 0.18632015585899353}"
train,"{'mae': 0.012695059180259705, 'rmse': 0.01631125994026661}","{'mae': 0.1513708531856537, 'rmse': 0.1973385214805603}"
val,"{'mae': 0.008917213417589664, 'rmse': 0.012957422994077206}","{'mae': 0.14517948031425476, 'rmse': 0.18905124068260193}"
train,"{'mae': 0.012942226603627205, 'rmse': 0.01674813963472843}","{'mae': 0.14906750619411469, 'rmse': 0.19439464807510376}"
val,"{'mae': 0.009107092395424843, 'rmse': 0.011987937614321709}","{'mae': 0.14498037099838257, 'rmse': 0.18944701552391052}"
train,"{'mae': 0.01296517625451088, 'rmse': 0.016541898250579834}","{'mae': 0.14884305000305176, 'rmse': 0.1940426528453827}"
val,"{'mae': 0.009164665825664997, 'rmse': 0.01309386920183897}","{'mae': 0.14455395936965942, 'rmse': 0.1887851059436798}"
train,"{'mae': 0.012134562246501446, 'rmse': 0.015437369234859943}","{'mae': 0.14814583957195282, 'rmse': 0.1929580122232437}"
val,"{'mae': 0.01297967042773962, 'rmse': 0.015312700532376766}","{'mae': 0.14279352128505707, 'rmse': 0.18770278990268707}"
train,"{'mae': 0.012277579866349697, 'rmse': 0.015659142285585403}","{'mae': 0.1460675746202469, 'rmse': 0.1904839426279068}"
val,"{'mae': 0.012040941044688225, 'rmse': 0.014294619672000408}","{'mae': 0.14518757164478302, 'rmse': 0.188240185379982}"
train,"{'mae': 0.012084847316145897, 'rmse': 0.015580647625029087}","{'mae': 0.14546027779579163, 'rmse': 0.18956683576107025}"
val,"{'mae': 0.01434415578842163, 'rmse': 0.0165595393627882}","{'mae': 0.14894157648086548, 'rmse': 0.193121075630188}"
train,"{'mae': 0.011853459291160107, 'rmse': 0.015254946425557137}","{'mae': 0.14465323090553284, 'rmse': 0.18846040964126587}"
val,"{'mae': 0.014744066633284092, 'rmse': 0.018236732110381126}","{'mae': 0.143790140748024, 'rmse': 0.1868538111448288}"
train,"{'mae': 0.011364717036485672, 'rmse': 0.014680442400276661}","{'mae': 0.14368966221809387, 'rmse': 0.1874070018529892}"
val,"{'mae': 0.009880537167191505, 'rmse': 0.012375601567327976}","{'mae': 0.13979513943195343, 'rmse': 0.18208108842372894}"
train,"{'mae': 0.011474224738776684, 'rmse': 0.014899232424795628}","{'mae': 0.1421983689069748, 'rmse': 0.18568670749664307}"
val,"{'mae': 0.032418787479400635, 'rmse': 0.034047193825244904}","{'mae': 0.14134138822555542, 'rmse': 0.18546906113624573}"
train,"{'mae': 0.010933819226920605, 'rmse': 0.01420928817242384}","{'mae': 0.14148710668087006, 'rmse': 0.18469108641147614}"
val,"{'mae': 0.008541599847376347, 'rmse': 0.011987442150712013}","{'mae': 0.13822105526924133, 'rmse': 0.17987161874771118}"
train,"{'mae': 0.011363140307366848, 'rmse': 0.014641495421528816}","{'mae': 0.1402697116136551, 'rmse': 0.18320272862911224}"
val,"{'mae': 0.015543660148978233, 'rmse': 0.017623933032155037}","{'mae': 0.1391444355249405, 'rmse': 0.18157483637332916}"
train,"{'mae': 0.01095140166580677, 'rmse': 0.014163653366267681}","{'mae': 0.13965117931365967, 'rmse': 0.18254926800727844}"
val,"{'mae': 0.011169767007231712, 'rmse': 0.01325299497693777}","{'mae': 0.14880713820457458, 'rmse': 0.19054365158081055}"
train,"{'mae': 0.010703531093895435, 'rmse': 0.013784305192530155}","{'mae': 0.1400757133960724, 'rmse': 0.18291646242141724}"
val,"{'mae': 0.00943843089044094, 'rmse': 0.01257848646491766}","{'mae': 0.142744243144989, 'rmse': 0.1855173110961914}"
train,"{'mae': 0.010461254976689816, 'rmse': 0.013509790413081646}","{'mae': 0.13945874571800232, 'rmse': 0.18215793371200562}"
val,"{'mae': 0.010463600046932697, 'rmse': 0.012657958082854748}","{'mae': 0.1370067298412323, 'rmse': 0.17956501245498657}"
train,"{'mae': 0.01032479852437973, 'rmse': 0.013388093560934067}","{'mae': 0.13862045109272003, 'rmse': 0.1811484843492508}"
val,"{'mae': 0.00996044185012579, 'rmse': 0.013797510415315628}","{'mae': 0.13576985895633698, 'rmse': 0.1779424101114273}"
train,"{'mae': 0.010095150209963322, 'rmse': 0.013058921322226524}","{'mae': 0.13830608129501343, 'rmse': 0.18066748976707458}"
val,"{'mae': 0.007762580178678036, 'rmse': 0.011143353767693043}","{'mae': 0.1346873790025711, 'rmse': 0.17650294303894043}"
train,"{'mae': 0.009709331206977367, 'rmse': 0.012679892592132092}","{'mae': 0.13712899386882782, 'rmse': 0.1793389618396759}"
val,"{'mae': 0.008974866941571236, 'rmse': 0.012751330621540546}","{'mae': 0.13510379195213318, 'rmse': 0.17696423828601837}"
train,"{'mae': 0.009523022919893265, 'rmse': 0.012459068559110165}","{'mae': 0.1364203244447708, 'rmse': 0.17844906449317932}"
val,"{'mae': 0.00916689820587635, 'rmse': 0.012715126387774944}","{'mae': 0.1353478878736496, 'rmse': 0.17680302262306213}"
train,"{'mae': 0.00974377989768982, 'rmse': 0.01275379303842783}","{'mae': 0.1355443149805069, 'rmse': 0.17764589190483093}"
val,"{'mae': 0.01119214203208685, 'rmse': 0.013402692042291164}","{'mae': 0.1409197598695755, 'rmse': 0.18367330729961395}"
train,"{'mae': 0.009360555559396744, 'rmse': 0.012248761020600796}","{'mae': 0.13482575118541718, 'rmse': 0.17670759558677673}"
val,"{'mae': 0.012055630795657635, 'rmse': 0.014096815139055252}","{'mae': 0.1339598149061203, 'rmse': 0.17557789385318756}"
train,"{'mae': 0.009184424765408039, 'rmse': 0.0120378527790308}","{'mae': 0.1347205638885498, 'rmse': 0.17641057074069977}"
val,"{'mae': 0.007674023043364286, 'rmse': 0.01090907957404852}","{'mae': 0.13601531088352203, 'rmse': 0.17780135571956635}"
train,"{'mae': 0.008847150951623917, 'rmse': 0.011654991656541824}","{'mae': 0.13397863507270813, 'rmse': 0.17554229497909546}"
val,"{'mae': 0.01125548779964447, 'rmse': 0.013319768942892551}","{'mae': 0.13183841109275818, 'rmse': 0.17332050204277039}"
train,"{'mae': 0.008912132121622562, 'rmse': 0.011759675107896328}","{'mae': 0.13384364545345306, 'rmse': 0.17545738816261292}"
val,"{'mae': 0.00748453987762332, 'rmse': 0.010575051419436932}","{'mae': 0.13353295624256134, 'rmse': 0.17501649260520935}"
train,"{'mae': 0.008870298974215984, 'rmse': 0.01164082158356905}","{'mae': 0.1330004334449768, 'rmse': 0.17439444363117218}"
val,"{'mae': 0.008643627166748047, 'rmse': 0.012247894890606403}","{'mae': 0.13226346671581268, 'rmse': 0.1735583394765854}"
train,"{'mae': 0.008686213754117489, 'rmse': 0.011489054188132286}","{'mae': 0.13252536952495575, 'rmse': 0.17393028736114502}"
val,"{'mae': 0.007497723214328289, 'rmse': 0.011158406734466553}","{'mae': 0.13200891017913818, 'rmse': 0.1732577383518219}"
train,"{'mae': 0.008537646383047104, 'rmse': 0.011305737309157848}","{'mae': 0.13209040462970734, 'rmse': 0.17343008518218994}"
val,"{'mae': 0.007472471799701452, 'rmse': 0.010449879802763462}","{'mae': 0.13154326379299164, 'rmse': 0.1725107580423355}"
train,"{'mae': 0.008516285568475723, 'rmse': 0.011166878044605255}","{'mae': 0.13187798857688904, 'rmse': 0.17315706610679626}"
val,"{'mae': 0.008273099549114704, 'rmse': 0.010860973037779331}","{'mae': 0.13222889602184296, 'rmse': 0.17364104092121124}"
train,"{'mae': 0.00816218089312315, 'rmse': 0.010836722329258919}","{'mae': 0.1317065805196762, 'rmse': 0.1728333830833435}"
val,"{'mae': 0.007261039689183235, 'rmse': 0.010518968105316162}","{'mae': 0.13056324422359467, 'rmse': 0.17158091068267822}"
train,"{'mae': 0.008180847391486168, 'rmse': 0.010882562957704067}","{'mae': 0.1313266158103943, 'rmse': 0.1724586933851242}"
val,"{'mae': 0.009278100915253162, 'rmse': 0.011502446606755257}","{'mae': 0.13081076741218567, 'rmse': 0.1717735379934311}"
train,"{'mae': 0.007854454219341278, 'rmse': 0.010454370640218258}","{'mae': 0.1309433877468109, 'rmse': 0.17209917306900024}"
val,"{'mae': 0.008515091612935066, 'rmse': 0.010896977968513966}","{'mae': 0.13115620613098145, 'rmse': 0.17265263199806213}"
train,"{'mae': 0.007748340256512165, 'rmse': 0.010369929485023022}","{'mae': 0.1303657591342926, 'rmse': 0.17143793404102325}"
val,"{'mae': 0.007181967608630657, 'rmse': 0.01028380449861288}","{'mae': 0.12973564863204956, 'rmse': 0.1709151566028595}"
train,"{'mae': 0.007623968180269003, 'rmse': 0.010206322185695171}","{'mae': 0.1304330825805664, 'rmse': 0.17145347595214844}"
val,"{'mae': 0.007256795652210712, 'rmse': 0.010623330250382423}","{'mae': 0.12976917624473572, 'rmse': 0.17095032334327698}"
train,"{'mae': 0.00744741503149271, 'rmse': 0.01003843080252409}","{'mae': 0.1300150752067566, 'rmse': 0.17100414633750916}"
val,"{'mae': 0.0072034019976854324, 'rmse': 0.01011685375124216}","{'mae': 0.12926709651947021, 'rmse': 0.17027126252651215}"
train,"{'mae': 0.0073043606244027615, 'rmse': 0.009877396747469902}","{'mae': 0.12965624034404755, 'rmse': 0.17062592506408691}"
val,"{'mae': 0.0070293075405061245, 'rmse': 0.010219424031674862}","{'mae': 0.12946943938732147, 'rmse': 0.1705300360918045}"
train,"{'mae': 0.0071817487478256226, 'rmse': 0.009750857949256897}","{'mae': 0.12949852645397186, 'rmse': 0.17049041390419006}"
val,"{'mae': 0.007006573025137186, 'rmse': 0.010120227001607418}","{'mae': 0.12946251034736633, 'rmse': 0.1704520881175995}"
train,"{'mae': 0.006981602404266596, 'rmse': 0.009567484259605408}","{'mae': 0.12933382391929626, 'rmse': 0.17030872404575348}"
val,"{'mae': 0.007078671827912331, 'rmse': 0.010062538087368011}","{'mae': 0.12927857041358948, 'rmse': 0.17022110521793365}"
